case_id,review_case_kind,pattern_type,economic_asset_class,instrument_id,symbol,date_range_start,date_range_end,source_bar_hash,candidate_id,anchor_date,calibration_version,parameter_set_id,parameter_hash,visualization_path,identity_material_hash,identity_status
review_024b06864a69af139dc0,DETECTED_CANDIDATE,double_top,FIXED_INCOME,IBKR:15547844,IEF,2019-01-03,2022-04-18,e0a7f9d815856bfccd52d7a79efe79f4e6369ddf89baf5c778eea2fed08b8aed,pat_f07c7420c398f2e57127,,wp-us-double-reversal-development-v1,cal_e4284f08f58675eb0a5f,e4284f08f58675eb0a5f7f318d175e1220246cdfa265906df2b2dd007b73bffd,reports/pattern-review/review_024b06864a69af139dc0.svg,024b06864a69af139dc07c907884746634f6ed8812ae0c9b90306e38d7b4c8bf,VALID
review_0648e864d538822b39a2,DETECTED_CANDIDATE,double_top,EQUITY,IBKR:9579970,IWM,2019-01-18,2020-03-09,87f2c8af6f37027fd24d5cfb2827f3e8ee87bbacb53e878269c11148683c3090,pat_c2fbba895d68c74dbbe5,,wp-us-double-reversal-development-v1,cal_c9e225163e06a8295dc2,c9e225163e06a8295dc2be5096262705ab0d8523d6c3523773c6d9cd8a22da8f,reports/pattern-review/review_0648e864d538822b39a2.svg,0648e864d538822b39a22498e5e86680a8874f5b3f2ec2ead5adfce8876af913,VALID
review_0f022c854c57d36bc6d8,NEGATIVE_CONTROL_NO_DETECTION,ascending_triangle,EQUITY,IBKR:1520593,JPM,,2020-09-30,7b36de1a2f59c3ff6975e2492375bc797e750a4e98cb9e864b9118c34ea04e34,,2020-09-30,wp-us-ascending-triangle-development-v1,cal_b8616363e4acd36e4071,b8616363e4acd36e4071f8813d1c643406fbfd805b37a4b078eb58e04636dc1e,reports/pattern-review/review_0f022c854c57d36bc6d8.svg,0f022c854c57d36bc6d837ffe4866b67d613dde2a381e51c8c4b28d1c710a54c,VALID
review_0ff8c4f45e39104d21d1,DETECTED_CANDIDATE,double_bottom,EQUITY,IBKR:9579970,IWM,2019-02-07,2019-05-07,87f2c8af6f37027fd24d5cfb2827f3e8ee87bbacb53e878269c11148683c3090,pat_25a7c29c37101134d48e,,wp-us-double-reversal-development-v1,cal_5935687436cd34fcba41,5935687436cd34fcba41e21dbbfabdeceb0d5348e92abee0343d7de3a8d9b90f,reports/pattern-review/review_0ff8c4f45e39104d21d1.svg,0ff8c4f45e39104d21d150b59b96dcd8a84acb40501d5c6f5143b148adf05a50,VALID
review_12c1a35099b90abbbd4b,NEGATIVE_CONTROL_NO_DETECTION,breakdown,EQUITY,IBKR:272093,MSFT,,2019-09-30,026d08710b6250ee81dc6ac4ae0317a2026e9f08cd871e4cd5047d948eeb82b0,,2019-09-30,wp-us-level-break-development-v1,cal_7b379f52c730b743c9a3,7b379f52c730b743c9a314e38b9d3bf84bd0335632044ae6844e300bb577624b,reports/pattern-review/review_12c1a35099b90abbbd4b.svg,12c1a35099b90abbbd4b497dc6a7bf9765fc5bd2dd70781377bc37a74ee98a71,VALID
review_15494b5c92d52123561d,NEGATIVE_CONTROL_NO_DETECTION,breakdown,FIXED_INCOME,IBKR:15547816,LQD,,2019-09-30,23a3c496b6730bdf16647f28aeb4452e5de3f814dd710a53bd5ded504fc05796,,2019-09-30,wp-us-level-break-development-v1,cal_cc389e09689edfd91fa6,cc389e09689edfd91fa664e2c82f9962ebf2e4a916041fb6619bc9e7be44a650,reports/pattern-review/review_15494b5c92d52123561d.svg,15494b5c92d52123561d9dc9658982e65af916d46b4a60bdad58839ed0afa7b7,VALID
review_159cf9885d60b82a77d9,DETECTED_CANDIDATE,breakdown,EQUITY,IBKR:8719,JNJ,2019-05-29,2019-06-06,4aa4be3cb3ad52f73f5c75093ad2f35c50e01ddc375ceb26d77a1bef76258733,pat_ef2fba4383f7c860b067,,wp-us-level-break-development-v1,cal_7b379f52c730b743c9a3,7b379f52c730b743c9a314e38b9d3bf84bd0335632044ae6844e300bb577624b,reports/pattern-review/review_159cf9885d60b82a77d9.svg,159cf9885d60b82a77d9a5011efdaf07ddb2392e70482eab9627e0b972931fb6,VALID
review_1717b96bcc7c0a867e77,DETECTED_CANDIDATE,breakout,FIXED_INCOME,IBKR:15547851,SHY,2019-05-31,2022-02-10,bfc92f973086d1fb2efc5ff5ee1eebbcae96eaa5b569edbfb1ae74ab3ed59c36,pat_400620f8acc8c9ae829e,,wp-us-level-break-development-v1,cal_77204b512761817cbc2a,77204b512761817cbc2a5e3b3a5e956efac13fe9605639d3f35637422c7d44f6,reports/pattern-review/review_1717b96bcc7c0a867e77.svg,1717b96bcc7c0a867e7780b92325f5ec6e1c651ad1482ae7740648d29bcf5800,VALID
review_191ca5e496e695a48d86,DETECTED_CANDIDATE,double_top,FIXED_INCOME,IBKR:15547841,TLT,2018-12-20,2019-01-22,a229b6091c9f4ead506256015da1ed32851f3f614c96a40a520056ec3dd233b7,pat_6c968666d43bf57a4a05,,wp-us-double-reversal-development-v1,cal_e4284f08f58675eb0a5f,e4284f08f58675eb0a5f7f318d175e1220246cdfa265906df2b2dd007b73bffd,reports/pattern-review/review_191ca5e496e695a48d86.svg,191ca5e496e695a48d86a2af8a02e1b8e8dc12d7c4e92e37f844921c42245ae5,VALID
review_1af80f3ae1eb45cffd88,NEGATIVE_CONTROL_NO_DETECTION,rectangle,FIXED_INCOME,IBKR:15547851,SHY,,2019-09-30,bfc92f973086d1fb2efc5ff5ee1eebbcae96eaa5b569edbfb1ae74ab3ed59c36,,2019-09-30,wp-us-rectangle-development-v1,cal_ce0e5f3208eb2439d077,ce0e5f3208eb2439d0777939c406e75ed3eb37fa6bf523aa005adaa9aee9a534,reports/pattern-review/review_1af80f3ae1eb45cffd88.svg,1af80f3ae1eb45cffd886096fd0f2e3e8832b7de19f29b22aa2ca9c5eabf8337,VALID
review_1b7cff46b823749f9f27,DETECTED_CANDIDATE,double_bottom,EQUITY,IBKR:265598,AAPL,2019-02-08,2019-05-29,39dc4404462f5e33314b83ea2dce5abb63d5a0fcb6dd05441713e7b897bffd4b,pat_9805efacc69676090e3e,,wp-us-double-reversal-development-v1,cal_5935687436cd34fcba41,5935687436cd34fcba41e21dbbfabdeceb0d5348e92abee0343d7de3a8d9b90f,reports/pattern-review/review_1b7cff46b823749f9f27.svg,1b7cff46b823749f9f276b2afceb144a6c95c810a006848cab8d2c91157d0140,VALID
review_1f9adcfc68454ce58932,NEGATIVE_CONTROL_NO_DETECTION,ascending_triangle,FIXED_INCOME,IBKR:15547841,TLT,,2019-09-30,a229b6091c9f4ead506256015da1ed32851f3f614c96a40a520056ec3dd233b7,,2019-09-30,wp-us-ascending-triangle-development-v1,cal_b85671a45db076094e37,b85671a45db076094e37ddb7ec688a59bc71f773ec491237f5780a0cf8c58422,reports/pattern-review/review_1f9adcfc68454ce58932.svg,1f9adcfc68454ce589321a55276ec4e393a1b18514071e2b7a18b645924803a7,VALID
review_20b0d8a772317c006392,NEGATIVE_CONTROL_NO_DETECTION,double_bottom,FIXED_INCOME,IBKR:15547844,IEF,,2020-09-30,e0a7f9d815856bfccd52d7a79efe79f4e6369ddf89baf5c778eea2fed08b8aed,,2020-09-30,wp-us-double-reversal-development-v1,cal_e3b5eabaa54e21136c81,e3b5eabaa54e21136c812bef073e7fc041b0dafd6153b292ca61b43912514aee,reports/pattern-review/review_20b0d8a772317c006392.svg,20b0d8a772317c006392e6981a18c72682c439f405c7eefa22ba719308b8f51e,VALID
review_23f1422afb80010a9aa3,NEGATIVE_CONTROL_NO_DETECTION,rectangle,EQUITY,IBKR:265598,AAPL,,2019-09-30,39dc4404462f5e33314b83ea2dce5abb63d5a0fcb6dd05441713e7b897bffd4b,,2019-09-30,wp-us-rectangle-development-v1,cal_fa2b2f348d54f8d5e3a4,fa2b2f348d54f8d5e3a4d304e8ba35e857dd702994dc37c617f3dea16d13047d,reports/pattern-review/review_23f1422afb80010a9aa3.svg,23f1422afb80010a9aa34f4a0efb8351064650f700287332a5eb841fdc0c22c1,VALID
review_24ee797530a37a1035be,DETECTED_CANDIDATE,breakout,EQUITY,IBKR:8719,JNJ,2019-12-19,2020-02-27,4aa4be3cb3ad52f73f5c75093ad2f35c50e01ddc375ceb26d77a1bef76258733,pat_8eec094aca0532a5ef93,,wp-us-level-break-development-v1,cal_07b52fb1ffb813aedfd4,07b52fb1ffb813aedfd4ab5fc1cee5a50882754eef669cf0bb9d6140e62fbc04,reports/pattern-review/review_24ee797530a37a1035be.svg,24ee797530a37a1035be9d5b4e860684cb42db847729dd5de0017e442d2fad16,VALID
review_25fa041e89e48427ee23,DETECTED_CANDIDATE,rectangle,FIXED_INCOME,IBKR:15547844,IEF,2019-04-10,2019-05-13,e0a7f9d815856bfccd52d7a79efe79f4e6369ddf89baf5c778eea2fed08b8aed,pat_562c40919423ef16092c,,wp-us-rectangle-development-v1,cal_ce0e5f3208eb2439d077,ce0e5f3208eb2439d0777939c406e75ed3eb37fa6bf523aa005adaa9aee9a534,reports/pattern-review/review_25fa041e89e48427ee23.svg,25fa041e89e48427ee23320b6e2023459b09a1f46d5631fb55f3b998ab2adb59,VALID
review_260d7fa088d7d16e026c,NEGATIVE_CONTROL_NO_DETECTION,breakout,FIXED_INCOME,IBKR:15547844,IEF,,2020-09-30,e0a7f9d815856bfccd52d7a79efe79f4e6369ddf89baf5c778eea2fed08b8aed,,2020-09-30,wp-us-level-break-development-v1,cal_77204b512761817cbc2a,77204b512761817cbc2a5e3b3a5e956efac13fe9605639d3f35637422c7d44f6,reports/pattern-review/review_260d7fa088d7d16e026c.svg,260d7fa088d7d16e026cc137110aa21a7403f6c8234db1c215ff610b4980f581,VALID
review_27bf9f65256acea0038a,NEGATIVE_CONTROL_NO_DETECTION,rectangle,EQUITY,IBKR:8719,JNJ,,2020-03-31,4aa4be3cb3ad52f73f5c75093ad2f35c50e01ddc375ceb26d77a1bef76258733,,2020-03-31,wp-us-rectangle-development-v1,cal_fa2b2f348d54f8d5e3a4,fa2b2f348d54f8d5e3a4d304e8ba35e857dd702994dc37c617f3dea16d13047d,reports/pattern-review/review_27bf9f65256acea0038a.svg,27bf9f65256acea0038a779636bb81e2e71aacf203770972360e2b681325314d,VALID
review_27ef742e155ecfa870cb,NEGATIVE_CONTROL_NO_DETECTION,ascending_triangle,EQUITY,IBKR:8719,JNJ,,2020-03-31,4aa4be3cb3ad52f73f5c75093ad2f35c50e01ddc375ceb26d77a1bef76258733,,2020-03-31,wp-us-ascending-triangle-development-v1,cal_b8616363e4acd36e4071,b8616363e4acd36e4071f8813d1c643406fbfd805b37a4b078eb58e04636dc1e,reports/pattern-review/review_27ef742e155ecfa870cb.svg,27ef742e155ecfa870cb9d5737d14df3494401f800817a04a75f99bd0a1036ae,VALID
review_2d4669f4a6e599086c7e,DETECTED_CANDIDATE,double_top,EQUITY,IBKR:272093,MSFT,2019-03-21,2019-04-17,026d08710b6250ee81dc6ac4ae0317a2026e9f08cd871e4cd5047d948eeb82b0,pat_768ef40bd2b540667f06,,wp-us-double-reversal-development-v1,cal_c9e225163e06a8295dc2,c9e225163e06a8295dc2be5096262705ab0d8523d6c3523773c6d9cd8a22da8f,reports/pattern-review/review_2d4669f4a6e599086c7e.svg,2d4669f4a6e599086c7e5a955d719668314d4771e5297d18cdb3f70fa6dc028e,VALID
review_2e436aff320ee2a48496,DETECTED_CANDIDATE,ascending_triangle,EQUITY,IBKR:265598,AAPL,2020-01-29,2020-02-18,39dc4404462f5e33314b83ea2dce5abb63d5a0fcb6dd05441713e7b897bffd4b,pat_e5e9d5bb04f7fe9704b8,,wp-us-ascending-triangle-development-v1,cal_b8616363e4acd36e4071,b8616363e4acd36e4071f8813d1c643406fbfd805b37a4b078eb58e04636dc1e,reports/pattern-review/review_2e436aff320ee2a48496.svg,2e436aff320ee2a48496f14d694e9df94277b2d7086c2ca06a9820aa7f0d6d5d,VALID
review_2e6bfd15d67d4f8b31ed,NEGATIVE_CONTROL_NO_DETECTION,rectangle,FIXED_INCOME,IBKR:15547841,TLT,,2019-09-30,a229b6091c9f4ead506256015da1ed32851f3f614c96a40a520056ec3dd233b7,,2019-09-30,wp-us-rectangle-development-v1,cal_ce0e5f3208eb2439d077,ce0e5f3208eb2439d0777939c406e75ed3eb37fa6bf523aa005adaa9aee9a534,reports/pattern-review/review_2e6bfd15d67d4f8b31ed.svg,2e6bfd15d67d4f8b31ed9ce7892d35b026141d732e87945ef1399b36d15e66d3,VALID
review_30557d7e0fa7c76ab97b,DETECTED_CANDIDATE,rectangle,FIXED_INCOME,IBKR:15547851,SHY,2019-08-15,2020-02-25,bfc92f973086d1fb2efc5ff5ee1eebbcae96eaa5b569edbfb1ae74ab3ed59c36,pat_f511bdbb3e359bde9610,,wp-us-rectangle-development-v1,cal_ce0e5f3208eb2439d077,ce0e5f3208eb2439d0777939c406e75ed3eb37fa6bf523aa005adaa9aee9a534,reports/pattern-review/review_30557d7e0fa7c76ab97b.svg,30557d7e0fa7c76ab97b14e85de9adfcd42b92427504a0ed19ddebe4e4f78672,VALID
review_37281afa17f3be770b56,DETECTED_CANDIDATE,ascending_triangle,FIXED_INCOME,IBKR:15547844,IEF,2019-01-03,2019-02-27,e0a7f9d815856bfccd52d7a79efe79f4e6369ddf89baf5c778eea2fed08b8aed,pat_6196b8abdeeb3ede501f,,wp-us-ascending-triangle-development-v1,cal_b85671a45db076094e37,b85671a45db076094e37ddb7ec688a59bc71f773ec491237f5780a0cf8c58422,reports/pattern-review/review_37281afa17f3be770b56.svg,37281afa17f3be770b56078a33bbe425bb6551807ea7d20fd73ebb64bcf31071,VALID
review_3744a0c94c5e032987e3,DETECTED_CANDIDATE,breakout,FIXED_INCOME,IBKR:15547841,TLT,2019-03-22,2019-04-03,a229b6091c9f4ead506256015da1ed32851f3f614c96a40a520056ec3dd233b7,pat_853af93b134385c9da1b,,wp-us-level-break-development-v1,cal_77204b512761817cbc2a,77204b512761817cbc2a5e3b3a5e956efac13fe9605639d3f35637422c7d44f6,reports/pattern-review/review_3744a0c94c5e032987e3.svg,3744a0c94c5e032987e3fc87c6557c6601b3b795243c802fbf4f81f10fa50814,VALID
review_38365f55a6350ff47c95,NEGATIVE_CONTROL_NO_DETECTION,ascending_triangle,FIXED_INCOME,IBKR:15547816,LQD,,2019-09-30,23a3c496b6730bdf16647f28aeb4452e5de3f814dd710a53bd5ded504fc05796,,2019-09-30,wp-us-ascending-triangle-development-v1,cal_b85671a45db076094e37,b85671a45db076094e37ddb7ec688a59bc71f773ec491237f5780a0cf8c58422,reports/pattern-review/review_38365f55a6350ff47c95.svg,38365f55a6350ff47c95fcbdfe9e3ebb05b8825f88c05df8019a0a2fb52cc4b0,VALID
review_3926a42cc144e0aa6df2,DETECTED_CANDIDATE,breakout,FIXED_INCOME,IBKR:15547816,LQD,2019-03-20,2020-03-17,23a3c496b6730bdf16647f28aeb4452e5de3f814dd710a53bd5ded504fc05796,pat_1e46134fddb92527cddb,,wp-us-level-break-development-v1,cal_77204b512761817cbc2a,77204b512761817cbc2a5e3b3a5e956efac13fe9605639d3f35637422c7d44f6,reports/pattern-review/review_3926a42cc144e0aa6df2.svg,3926a42cc144e0aa6df2f6714305fbed577605e61cf12e10682e717410ea8101,VALID
review_3c570d826c1c5c669d8d,NEGATIVE_CONTROL_NO_DETECTION,double_top,EQUITY,IBKR:1520593,JPM,,2020-09-30,7b36de1a2f59c3ff6975e2492375bc797e750a4e98cb9e864b9118c34ea04e34,,2020-09-30,wp-us-double-reversal-development-v1,cal_c9e225163e06a8295dc2,c9e225163e06a8295dc2be5096262705ab0d8523d6c3523773c6d9cd8a22da8f,reports/pattern-review/review_3c570d826c1c5c669d8d.svg,3c570d826c1c5c669d8d1a3beeca3465dda8c05d7333a5a92f5bb36931f965b2,VALID
review_3cc0adb16f385c8a48c7,NEGATIVE_CONTROL_NO_DETECTION,breakout,FIXED_INCOME,IBKR:25985141,AGG,,2020-09-30,34021b139326d8c048e4d41ba263914a7510dc01cf11c44827aca2affa3ddfdb,,2020-09-30,wp-us-level-break-development-v1,cal_77204b512761817cbc2a,77204b512761817cbc2a5e3b3a5e956efac13fe9605639d3f35637422c7d44f6,reports/pattern-review/review_3cc0adb16f385c8a48c7.svg,3cc0adb16f385c8a48c78cc65fa08b7ef32bdb597f23cf2baa10774a02ffc003,VALID
review_3ed69893508aa67ec4d8,DETECTED_CANDIDATE,ascending_triangle,EQUITY,IBKR:9579970,IWM,2019-05-16,2019-07-17,87f2c8af6f37027fd24d5cfb2827f3e8ee87bbacb53e878269c11148683c3090,pat_1b262e165d60ee2c22e7,,wp-us-ascending-triangle-development-v1,cal_b8616363e4acd36e4071,b8616363e4acd36e4071f8813d1c643406fbfd805b37a4b078eb58e04636dc1e,reports/pattern-review/review_3ed69893508aa67ec4d8.svg,3ed69893508aa67ec4d8adfba3fb1558b2e566871beee707becde98652bacf52,VALID
review_40154bdb4f645561df76,NEGATIVE_CONTROL_NO_DETECTION,breakout,FIXED_INCOME,IBKR:15547816,LQD,,2021-03-31,23a3c496b6730bdf16647f28aeb4452e5de3f814dd710a53bd5ded504fc05796,,2021-03-31,wp-us-level-break-development-v1,cal_77204b512761817cbc2a,77204b512761817cbc2a5e3b3a5e956efac13fe9605639d3f35637422c7d44f6,reports/pattern-review/review_40154bdb4f645561df76.svg,40154bdb4f645561df767515f79314bb4df0989af5dff2cb4fc973a48d2cb3e4,VALID
review_40e28a58066393d44ec0,DETECTED_CANDIDATE,breakdown,FIXED_INCOME,IBKR:15547844,IEF,2020-10-05,2020-10-14,e0a7f9d815856bfccd52d7a79efe79f4e6369ddf89baf5c778eea2fed08b8aed,pat_b4c09fd46fd2d8da7b30,,wp-us-level-break-development-v1,cal_cc389e09689edfd91fa6,cc389e09689edfd91fa664e2c82f9962ebf2e4a916041fb6619bc9e7be44a650,reports/pattern-review/review_40e28a58066393d44ec0.svg,40e28a58066393d44ec07532cbbd73079eed8248120a696722886d9a8d76f91c,VALID
review_40e6edf6a6d2dec98ff6,DETECTED_CANDIDATE,breakout,EQUITY,IBKR:272093,MSFT,2019-03-21,2019-03-22,026d08710b6250ee81dc6ac4ae0317a2026e9f08cd871e4cd5047d948eeb82b0,pat_d6f7aa87ec22d2b2ac5b,,wp-us-level-break-development-v1,cal_07b52fb1ffb813aedfd4,07b52fb1ffb813aedfd4ab5fc1cee5a50882754eef669cf0bb9d6140e62fbc04,reports/pattern-review/review_40e6edf6a6d2dec98ff6.svg,40e6edf6a6d2dec98ff60326d47e816a2ab4cb8ccce3153402a7da153f87d4e0,VALID
review_41187d5547c7f869e494,DETECTED_CANDIDATE,double_bottom,EQUITY,IBKR:1520593,JPM,2019-02-08,2019-04-12,7b36de1a2f59c3ff6975e2492375bc797e750a4e98cb9e864b9118c34ea04e34,pat_e6f0011e97ba617244d4,,wp-us-double-reversal-development-v1,cal_5935687436cd34fcba41,5935687436cd34fcba41e21dbbfabdeceb0d5348e92abee0343d7de3a8d9b90f,reports/pattern-review/review_41187d5547c7f869e494.svg,41187d5547c7f869e49496cca9f439e83c3d19a53eaba80188def19d06aae902,VALID
review_46d61df7140cbf5a1b59,DETECTED_CANDIDATE,rectangle,FIXED_INCOME,IBKR:25985141,AGG,2020-10-22,2020-11-19,34021b139326d8c048e4d41ba263914a7510dc01cf11c44827aca2affa3ddfdb,pat_7aea2600031a4dbda6b4,,wp-us-rectangle-development-v1,cal_ce0e5f3208eb2439d077,ce0e5f3208eb2439d0777939c406e75ed3eb37fa6bf523aa005adaa9aee9a534,reports/pattern-review/review_46d61df7140cbf5a1b59.svg,46d61df7140cbf5a1b59b60fa842f25340b7eb660f5d050ef6ff0659c0239a06,VALID
review_49921a8c1432f42cbb36,DETECTED_CANDIDATE,breakout,FIXED_INCOME,IBKR:15547844,IEF,2019-03-20,2022-04-06,e0a7f9d815856bfccd52d7a79efe79f4e6369ddf89baf5c778eea2fed08b8aed,pat_03650ae83037e524afb4,,wp-us-level-break-development-v1,cal_77204b512761817cbc2a,77204b512761817cbc2a5e3b3a5e956efac13fe9605639d3f35637422c7d44f6,reports/pattern-review/review_49921a8c1432f42cbb36.svg,49921a8c1432f42cbb36fdc6099f2b00b62691dcec092cc50b28bb4b925bf7e4,VALID
review_4a5505316a9d9e02e10e,NEGATIVE_CONTROL_NO_DETECTION,breakdown,EQUITY,IBKR:1520593,JPM,,2019-09-30,7b36de1a2f59c3ff6975e2492375bc797e750a4e98cb9e864b9118c34ea04e34,,2019-09-30,wp-us-level-break-development-v1,cal_7b379f52c730b743c9a3,7b379f52c730b743c9a314e38b9d3bf84bd0335632044ae6844e300bb577624b,reports/pattern-review/review_4a5505316a9d9e02e10e.svg,4a5505316a9d9e02e10e2adc2205d7a3a9462c70afd9af02530ba589588e1fd9,VALID
review_4a5f16512cca933cb330,DETECTED_CANDIDATE,breakout,EQUITY,IBKR:265598,AAPL,2019-03-12,2019-05-28,39dc4404462f5e33314b83ea2dce5abb63d5a0fcb6dd05441713e7b897bffd4b,pat_1754fac9de6c3d8afa30,,wp-us-level-break-development-v1,cal_07b52fb1ffb813aedfd4,07b52fb1ffb813aedfd4ab5fc1cee5a50882754eef669cf0bb9d6140e62fbc04,reports/pattern-review/review_4a5f16512cca933cb330.svg,4a5f16512cca933cb33053d1235cdae0917699eac801a7549d978ca5e5cc98c8,VALID
review_4afbcf6655d0a8a07ab7,DETECTED_CANDIDATE,breakout,EQUITY,IBKR:9579970,IWM,2019-02-15,2019-03-06,87f2c8af6f37027fd24d5cfb2827f3e8ee87bbacb53e878269c11148683c3090,pat_60308df2a2864382cf92,,wp-us-level-break-development-v1,cal_07b52fb1ffb813aedfd4,07b52fb1ffb813aedfd4ab5fc1cee5a50882754eef669cf0bb9d6140e62fbc04,reports/pattern-review/review_4afbcf6655d0a8a07ab7.svg,4afbcf6655d0a8a07ab732edf0336ae175cb71c5c51c2ee769d1484e170800c6,VALID
review_4e06743cfce424c67ab5,NEGATIVE_CONTROL_NO_DETECTION,double_bottom,FIXED_INCOME,IBKR:15547851,SHY,,2019-09-30,bfc92f973086d1fb2efc5ff5ee1eebbcae96eaa5b569edbfb1ae74ab3ed59c36,,2019-09-30,wp-us-double-reversal-development-v1,cal_e3b5eabaa54e21136c81,e3b5eabaa54e21136c812bef073e7fc041b0dafd6153b292ca61b43912514aee,reports/pattern-review/review_4e06743cfce424c67ab5.svg,4e06743cfce424c67ab5be9dae7d4272e959050e5a6cae2a1b00ac030aa919cb,VALID
review_4e348f879d487fac009a,NEGATIVE_CONTROL_NO_DETECTION,rectangle,FIXED_INCOME,IBKR:15547844,IEF,,2019-09-30,e0a7f9d815856bfccd52d7a79efe79f4e6369ddf89baf5c778eea2fed08b8aed,,2019-09-30,wp-us-rectangle-development-v1,cal_ce0e5f3208eb2439d077,ce0e5f3208eb2439d0777939c406e75ed3eb37fa6bf523aa005adaa9aee9a534,reports/pattern-review/review_4e348f879d487fac009a.svg,4e348f879d487fac009a75b98f98ed98f7b35a2391b4fdf25f13362c0096d1ca,VALID
review_4fb8b402476b0fa90257,NEGATIVE_CONTROL_NO_DETECTION,breakout,FIXED_INCOME,IBKR:15547841,TLT,,2021-03-31,a229b6091c9f4ead506256015da1ed32851f3f614c96a40a520056ec3dd233b7,,2021-03-31,wp-us-level-break-development-v1,cal_77204b512761817cbc2a,77204b512761817cbc2a5e3b3a5e956efac13fe9605639d3f35637422c7d44f6,reports/pattern-review/review_4fb8b402476b0fa90257.svg,4fb8b402476b0fa90257cdb6be86d37e72e604c7101b20315a233144ef35b2b7,VALID
review_52f5b4bde6776a4ade12,NEGATIVE_CONTROL_NO_DETECTION,double_top,FIXED_INCOME,IBKR:15547841,TLT,,2020-03-31,a229b6091c9f4ead506256015da1ed32851f3f614c96a40a520056ec3dd233b7,,2020-03-31,wp-us-double-reversal-development-v1,cal_e4284f08f58675eb0a5f,e4284f08f58675eb0a5f7f318d175e1220246cdfa265906df2b2dd007b73bffd,reports/pattern-review/review_52f5b4bde6776a4ade12.svg,52f5b4bde6776a4ade1226cd0780a72f7c800b4888ad66e9633b647842089479,VALID
review_5810bee3e0b4ce54020e,DETECTED_CANDIDATE,breakdown,EQUITY,IBKR:265598,AAPL,2020-03-12,2020-03-13,39dc4404462f5e33314b83ea2dce5abb63d5a0fcb6dd05441713e7b897bffd4b,pat_3b0c32b637a81f8597cd,,wp-us-level-break-development-v1,cal_7b379f52c730b743c9a3,7b379f52c730b743c9a314e38b9d3bf84bd0335632044ae6844e300bb577624b,reports/pattern-review/review_5810bee3e0b4ce54020e.svg,5810bee3e0b4ce54020e2074f1acad5265aca14b2553f6f9592736e371a690ea,VALID
review_5841889047deba67e095,DETECTED_CANDIDATE,breakout,FIXED_INCOME,IBKR:25985141,AGG,2019-03-20,2020-03-18,34021b139326d8c048e4d41ba263914a7510dc01cf11c44827aca2affa3ddfdb,pat_ef8b2c840624a74b2cd5,,wp-us-level-break-development-v1,cal_77204b512761817cbc2a,77204b512761817cbc2a5e3b3a5e956efac13fe9605639d3f35637422c7d44f6,reports/pattern-review/review_5841889047deba67e095.svg,5841889047deba67e095271a99b5af6132a326116cf1a1df6f46530e60e3ab38,VALID
review_5845ee74b7a488dc1b4f,DETECTED_CANDIDATE,ascending_triangle,EQUITY,IBKR:8719,JNJ,2019-04-01,2019-05-09,4aa4be3cb3ad52f73f5c75093ad2f35c50e01ddc375ceb26d77a1bef76258733,pat_0bdb54f40430c9c5836f,,wp-us-ascending-triangle-development-v1,cal_b8616363e4acd36e4071,b8616363e4acd36e4071f8813d1c643406fbfd805b37a4b078eb58e04636dc1e,reports/pattern-review/review_5845ee74b7a488dc1b4f.svg,5845ee74b7a488dc1b4f91070bcad5d8394d13ae8a554dad0bf1f3c73d0ea4ae,VALID
review_668623f8e579255cd807,NEGATIVE_CONTROL_NO_DETECTION,breakout,EQUITY,IBKR:1520593,JPM,,2020-09-30,7b36de1a2f59c3ff6975e2492375bc797e750a4e98cb9e864b9118c34ea04e34,,2020-09-30,wp-us-level-break-development-v1,cal_07b52fb1ffb813aedfd4,07b52fb1ffb813aedfd4ab5fc1cee5a50882754eef669cf0bb9d6140e62fbc04,reports/pattern-review/review_668623f8e579255cd807.svg,668623f8e579255cd807ce608c5ad67f2b518576ce30b70311d0bbf6ee39377a,VALID
review_66b5ab72f68c73fb1092,NEGATIVE_CONTROL_NO_DETECTION,double_bottom,FIXED_INCOME,IBKR:25985141,AGG,,2019-09-30,34021b139326d8c048e4d41ba263914a7510dc01cf11c44827aca2affa3ddfdb,,2019-09-30,wp-us-double-reversal-development-v1,cal_e3b5eabaa54e21136c81,e3b5eabaa54e21136c812bef073e7fc041b0dafd6153b292ca61b43912514aee,reports/pattern-review/review_66b5ab72f68c73fb1092.svg,66b5ab72f68c73fb1092f2e37b606c30d204a5fd33b4af7a612a740d4784c2da,VALID
review_68673e3a84350ba84e75,NEGATIVE_CONTROL_NO_DETECTION,breakdown,FIXED_INCOME,IBKR:15547844,IEF,,2019-09-30,e0a7f9d815856bfccd52d7a79efe79f4e6369ddf89baf5c778eea2fed08b8aed,,2019-09-30,wp-us-level-break-development-v1,cal_cc389e09689edfd91fa6,cc389e09689edfd91fa664e2c82f9962ebf2e4a916041fb6619bc9e7be44a650,reports/pattern-review/review_68673e3a84350ba84e75.svg,68673e3a84350ba84e751454e5ba19a3314ddaf8d418162530cc68ce2cc8b336,VALID
review_6a247bc8ffffc609e063,DETECTED_CANDIDATE,double_bottom,FIXED_INCOME,IBKR:15547816,LQD,2019-11-12,2020-01-07,23a3c496b6730bdf16647f28aeb4452e5de3f814dd710a53bd5ded504fc05796,pat_deab8777e1f6a9350cb5,,wp-us-double-reversal-development-v1,cal_e3b5eabaa54e21136c81,e3b5eabaa54e21136c812bef073e7fc041b0dafd6153b292ca61b43912514aee,reports/pattern-review/review_6a247bc8ffffc609e063.svg,6a247bc8ffffc609e0631343413f3f8a19e30e072ed952b61df9c911c7a016a2,VALID
review_70fcd2371253f7227058,DETECTED_CANDIDATE,double_top,FIXED_INCOME,IBKR:15547816,LQD,2019-07-03,2020-03-12,23a3c496b6730bdf16647f28aeb4452e5de3f814dd710a53bd5ded504fc05796,pat_78ae478f89d78b52cb6e,,wp-us-double-reversal-development-v1,cal_e4284f08f58675eb0a5f,e4284f08f58675eb0a5f7f318d175e1220246cdfa265906df2b2dd007b73bffd,reports/pattern-review/review_70fcd2371253f7227058.svg,70fcd2371253f722705865cbd3a088262ef177c08c39d4fe11ebd899380c27e0,VALID
review_71bf31d595583cc3d37f,DETECTED_CANDIDATE,double_top,FIXED_INCOME,IBKR:15547851,SHY,2022-05-26,2022-09-13,bfc92f973086d1fb2efc5ff5ee1eebbcae96eaa5b569edbfb1ae74ab3ed59c36,pat_2697c62dc7394275c117,,wp-us-double-reversal-development-v1,cal_e4284f08f58675eb0a5f,e4284f08f58675eb0a5f7f318d175e1220246cdfa265906df2b2dd007b73bffd,reports/pattern-review/review_71bf31d595583cc3d37f.svg,71bf31d595583cc3d37f3202c0f4ce98888c788f76141e8ca38b33dff71943e8,VALID
review_74a04142f6edce879f71,NEGATIVE_CONTROL_NO_DETECTION,double_top,FIXED_INCOME,IBKR:15547844,IEF,,2020-09-30,e0a7f9d815856bfccd52d7a79efe79f4e6369ddf89baf5c778eea2fed08b8aed,,2020-09-30,wp-us-double-reversal-development-v1,cal_e4284f08f58675eb0a5f,e4284f08f58675eb0a5f7f318d175e1220246cdfa265906df2b2dd007b73bffd,reports/pattern-review/review_74a04142f6edce879f71.svg,74a04142f6edce879f71a79edf2c97f27f11becab7916faf9aa27575df64d08f,VALID
review_7972a8c09946af4b737a,DETECTED_CANDIDATE,rectangle,EQUITY,IBKR:8719,JNJ,2019-03-06,2019-04-04,4aa4be3cb3ad52f73f5c75093ad2f35c50e01ddc375ceb26d77a1bef76258733,pat_1e49ecd0a2e1a7bb90bd,,wp-us-rectangle-development-v1,cal_fa2b2f348d54f8d5e3a4,fa2b2f348d54f8d5e3a4d304e8ba35e857dd702994dc37c617f3dea16d13047d,reports/pattern-review/review_7972a8c09946af4b737a.svg,7972a8c09946af4b737acc1ff007781cc6907fcc57fd897881262c125ac76573,VALID
review_7a17c7d857bd66769587,NEGATIVE_CONTROL_NO_DETECTION,breakout,EQUITY,IBKR:272093,MSFT,,2019-09-30,026d08710b6250ee81dc6ac4ae0317a2026e9f08cd871e4cd5047d948eeb82b0,,2019-09-30,wp-us-level-break-development-v1,cal_07b52fb1ffb813aedfd4,07b52fb1ffb813aedfd4ab5fc1cee5a50882754eef669cf0bb9d6140e62fbc04,reports/pattern-review/review_7a17c7d857bd66769587.svg,7a17c7d857bd66769587b62cbbab682bdc6716ed18c6ce14dd6107c3ca7caa75,VALID
review_7ec09853f5fe24cfb21d,NEGATIVE_CONTROL_NO_DETECTION,breakdown,EQUITY,IBKR:8719,JNJ,,2019-09-30,4aa4be3cb3ad52f73f5c75093ad2f35c50e01ddc375ceb26d77a1bef76258733,,2019-09-30,wp-us-level-break-development-v1,cal_7b379f52c730b743c9a3,7b379f52c730b743c9a314e38b9d3bf84bd0335632044ae6844e300bb577624b,reports/pattern-review/review_7ec09853f5fe24cfb21d.svg,7ec09853f5fe24cfb21dc5dcaf9c4f5179401492b06e57907b8153d2db9a51ff,VALID
review_81697ac008f55cc563a0,DETECTED_CANDIDATE,rectangle,FIXED_INCOME,IBKR:15547844,IEF,2019-01-31,2019-03-01,e0a7f9d815856bfccd52d7a79efe79f4e6369ddf89baf5c778eea2fed08b8aed,pat_679a6f75974b67dab6c9,,wp-us-rectangle-development-v1,cal_ce0e5f3208eb2439d077,ce0e5f3208eb2439d0777939c406e75ed3eb37fa6bf523aa005adaa9aee9a534,reports/pattern-review/review_81697ac008f55cc563a0.svg,81697ac008f55cc563a01cde1556a002455fc925c5f58584d1de3dfa81f5e936,VALID
review_832f243a2a07fc50ca33,NEGATIVE_CONTROL_NO_DETECTION,breakout,EQUITY,IBKR:8719,JNJ,,2019-09-30,4aa4be3cb3ad52f73f5c75093ad2f35c50e01ddc375ceb26d77a1bef76258733,,2019-09-30,wp-us-level-break-development-v1,cal_07b52fb1ffb813aedfd4,07b52fb1ffb813aedfd4ab5fc1cee5a50882754eef669cf0bb9d6140e62fbc04,reports/pattern-review/review_832f243a2a07fc50ca33.svg,832f243a2a07fc50ca3322f2c5d46405e627fb858479824595eca876b71211bc,VALID
review_857d1cf551ddf382248a,DETECTED_CANDIDATE,ascending_triangle,FIXED_INCOME,IBKR:15547851,SHY,2022-06-13,2022-08-05,bfc92f973086d1fb2efc5ff5ee1eebbcae96eaa5b569edbfb1ae74ab3ed59c36,pat_5e1457d63344278383cc,,wp-us-ascending-triangle-development-v1,cal_b85671a45db076094e37,b85671a45db076094e37ddb7ec688a59bc71f773ec491237f5780a0cf8c58422,reports/pattern-review/review_857d1cf551ddf382248a.svg,857d1cf551ddf382248a63800dfe261b39278015491afcb663cea94d3f5839dd,VALID
review_8a863d0a91d0a3773b54,NEGATIVE_CONTROL_NO_DETECTION,ascending_triangle,FIXED_INCOME,IBKR:25985141,AGG,,2019-09-30,34021b139326d8c048e4d41ba263914a7510dc01cf11c44827aca2affa3ddfdb,,2019-09-30,wp-us-ascending-triangle-development-v1,cal_b85671a45db076094e37,b85671a45db076094e37ddb7ec688a59bc71f773ec491237f5780a0cf8c58422,reports/pattern-review/review_8a863d0a91d0a3773b54.svg,8a863d0a91d0a3773b54bfe3c4a743140cb6e67555fa8e75380224a2c6e4cda9,VALID
review_8bec98a3f5c0fb669332,NEGATIVE_CONTROL_NO_DETECTION,ascending_triangle,FIXED_INCOME,IBKR:15547844,IEF,,2021-03-31,e0a7f9d815856bfccd52d7a79efe79f4e6369ddf89baf5c778eea2fed08b8aed,,2021-03-31,wp-us-ascending-triangle-development-v1,cal_b85671a45db076094e37,b85671a45db076094e37ddb7ec688a59bc71f773ec491237f5780a0cf8c58422,reports/pattern-review/review_8bec98a3f5c0fb669332.svg,8bec98a3f5c0fb669332b786266fc27f063d282f4f1784411ef67eb0a6197352,VALID
review_8c029d0b77c040804b9b,NEGATIVE_CONTROL_NO_DETECTION,breakout,FIXED_INCOME,IBKR:15547851,SHY,,2019-09-30,bfc92f973086d1fb2efc5ff5ee1eebbcae96eaa5b569edbfb1ae74ab3ed59c36,,2019-09-30,wp-us-level-break-development-v1,cal_77204b512761817cbc2a,77204b512761817cbc2a5e3b3a5e956efac13fe9605639d3f35637422c7d44f6,reports/pattern-review/review_8c029d0b77c040804b9b.svg,8c029d0b77c040804b9b16d5efa95b0882cd6d18174ca88265db117ef1b3d057,VALID
review_8c951fe88002669c0953,DETECTED_CANDIDATE,breakdown,FIXED_INCOME,IBKR:25985141,AGG,2020-03-12,2020-03-26,34021b139326d8c048e4d41ba263914a7510dc01cf11c44827aca2affa3ddfdb,pat_7891c2a5a4fce98a927f,,wp-us-level-break-development-v1,cal_cc389e09689edfd91fa6,cc389e09689edfd91fa664e2c82f9962ebf2e4a916041fb6619bc9e7be44a650,reports/pattern-review/review_8c951fe88002669c0953.svg,8c951fe88002669c0953806c6dae38b4e02006ff0666c10a20a40250ee77dea4,VALID
review_948a8e66cebd6596fa2c,DETECTED_CANDIDATE,rectangle,FIXED_INCOME,IBKR:15547816,LQD,2019-01-31,2019-03-12,23a3c496b6730bdf16647f28aeb4452e5de3f814dd710a53bd5ded504fc05796,pat_6c3da8a848d1eef04416,,wp-us-rectangle-development-v1,cal_ce0e5f3208eb2439d077,ce0e5f3208eb2439d0777939c406e75ed3eb37fa6bf523aa005adaa9aee9a534,reports/pattern-review/review_948a8e66cebd6596fa2c.svg,948a8e66cebd6596fa2c1e6319d8b6c4f6cb3081fde770657fd197735c6cc162,VALID
review_9638418b11c5d0a54ce9,NEGATIVE_CONTROL_NO_DETECTION,breakdown,FIXED_INCOME,IBKR:25985141,AGG,,2019-09-30,34021b139326d8c048e4d41ba263914a7510dc01cf11c44827aca2affa3ddfdb,,2019-09-30,wp-us-level-break-development-v1,cal_cc389e09689edfd91fa6,cc389e09689edfd91fa664e2c82f9962ebf2e4a916041fb6619bc9e7be44a650,reports/pattern-review/review_9638418b11c5d0a54ce9.svg,9638418b11c5d0a54ce9e26c21db304f801d9dac3190224d5cbe355022c20cb5,VALID
review_97ddb9ee804b88d29b16,NEGATIVE_CONTROL_NO_DETECTION,double_bottom,EQUITY,IBKR:8719,JNJ,,2020-03-31,4aa4be3cb3ad52f73f5c75093ad2f35c50e01ddc375ceb26d77a1bef76258733,,2020-03-31,wp-us-double-reversal-development-v1,cal_5935687436cd34fcba41,5935687436cd34fcba41e21dbbfabdeceb0d5348e92abee0343d7de3a8d9b90f,reports/pattern-review/review_97ddb9ee804b88d29b16.svg,97ddb9ee804b88d29b166b89feb474c55dbc0e7a8df43df4abe035bad48373db,VALID
review_987429745ee4b536cbc2,NEGATIVE_CONTROL_NO_DETECTION,breakdown,FIXED_INCOME,IBKR:15547851,SHY,,2019-09-30,bfc92f973086d1fb2efc5ff5ee1eebbcae96eaa5b569edbfb1ae74ab3ed59c36,,2019-09-30,wp-us-level-break-development-v1,cal_cc389e09689edfd91fa6,cc389e09689edfd91fa664e2c82f9962ebf2e4a916041fb6619bc9e7be44a650,reports/pattern-review/review_987429745ee4b536cbc2.svg,987429745ee4b536cbc21bcea712d557fb72ea38cec798ea27863e203a96766c,VALID
review_9a4ff8d892bd6128944d,NEGATIVE_CONTROL_NO_DETECTION,rectangle,EQUITY,IBKR:1520593,JPM,,2019-09-30,7b36de1a2f59c3ff6975e2492375bc797e750a4e98cb9e864b9118c34ea04e34,,2019-09-30,wp-us-rectangle-development-v1,cal_fa2b2f348d54f8d5e3a4,fa2b2f348d54f8d5e3a4d304e8ba35e857dd702994dc37c617f3dea16d13047d,reports/pattern-review/review_9a4ff8d892bd6128944d.svg,9a4ff8d892bd6128944d4c698b42eb175f542837085435aca11836a2d71d3c90,VALID
review_a108fdbb9790ed703249,NEGATIVE_CONTROL_NO_DETECTION,double_top,FIXED_INCOME,IBKR:15547816,LQD,,2020-03-31,23a3c496b6730bdf16647f28aeb4452e5de3f814dd710a53bd5ded504fc05796,,2020-03-31,wp-us-double-reversal-development-v1,cal_e4284f08f58675eb0a5f,e4284f08f58675eb0a5f7f318d175e1220246cdfa265906df2b2dd007b73bffd,reports/pattern-review/review_a108fdbb9790ed703249.svg,a108fdbb9790ed703249d0c14404b6f6e4e939ea6aac9a3fb180040211281a37,VALID
review_a1ba38e0ada295052140,DETECTED_CANDIDATE,breakdown,EQUITY,IBKR:9579970,IWM,2019-05-31,2019-06-04,87f2c8af6f37027fd24d5cfb2827f3e8ee87bbacb53e878269c11148683c3090,pat_fa4c688c231136e98a8e,,wp-us-level-break-development-v1,cal_7b379f52c730b743c9a3,7b379f52c730b743c9a314e38b9d3bf84bd0335632044ae6844e300bb577624b,reports/pattern-review/review_a1ba38e0ada295052140.svg,a1ba38e0ada2950521408d65d2afbf27a2a5747ca97eabe9b21e36b234a932b6,VALID
review_a3334640128751f6ffc0,DETECTED_CANDIDATE,breakdown,EQUITY,IBKR:272093,MSFT,2020-03-12,2020-03-13,026d08710b6250ee81dc6ac4ae0317a2026e9f08cd871e4cd5047d948eeb82b0,pat_05a7b6851260d87f25b8,,wp-us-level-break-development-v1,cal_7b379f52c730b743c9a3,7b379f52c730b743c9a314e38b9d3bf84bd0335632044ae6844e300bb577624b,reports/pattern-review/review_a3334640128751f6ffc0.svg,a3334640128751f6ffc02f8d492450959b7278047105c00dad5892e141b70490,VALID
review_a6c8932b42cc8c6b712f,DETECTED_CANDIDATE,ascending_triangle,FIXED_INCOME,IBKR:25985141,AGG,2018-12-26,2019-02-21,34021b139326d8c048e4d41ba263914a7510dc01cf11c44827aca2affa3ddfdb,pat_27a39e6ae6efde226f9e,,wp-us-ascending-triangle-development-v1,cal_b85671a45db076094e37,b85671a45db076094e37ddb7ec688a59bc71f773ec491237f5780a0cf8c58422,reports/pattern-review/review_a6c8932b42cc8c6b712f.svg,a6c8932b42cc8c6b712f23d6baecfb16dbfbc54499cb2915e5691a0a75842e94,VALID
review_ab09c2950b77ddd16c93,DETECTED_CANDIDATE,double_bottom,FIXED_INCOME,IBKR:25985141,AGG,2022-04-22,2022-06-10,34021b139326d8c048e4d41ba263914a7510dc01cf11c44827aca2affa3ddfdb,pat_d1f3c4c2c1748998da3c,,wp-us-double-reversal-development-v1,cal_e3b5eabaa54e21136c81,e3b5eabaa54e21136c812bef073e7fc041b0dafd6153b292ca61b43912514aee,reports/pattern-review/review_ab09c2950b77ddd16c93.svg,ab09c2950b77ddd16c93df47d2612cb8bbfe78bf8fd02a0c85968e4653db1869,VALID
review_ae64e18123942089403b,DETECTED_CANDIDATE,rectangle,EQUITY,IBKR:272093,MSFT,2019-08-09,2019-09-05,026d08710b6250ee81dc6ac4ae0317a2026e9f08cd871e4cd5047d948eeb82b0,pat_62afe356cde4210ced93,,wp-us-rectangle-development-v1,cal_fa2b2f348d54f8d5e3a4,fa2b2f348d54f8d5e3a4d304e8ba35e857dd702994dc37c617f3dea16d13047d,reports/pattern-review/review_ae64e18123942089403b.svg,ae64e18123942089403bec6a77c5269a215bcba504c88f18fcea8e9fa74304d6,VALID
review_aee24f4982643240b8c9,DETECTED_CANDIDATE,breakdown,EQUITY,IBKR:1520593,JPM,2020-02-25,2021-01-07,7b36de1a2f59c3ff6975e2492375bc797e750a4e98cb9e864b9118c34ea04e34,pat_f7442851b6acf2743c81,,wp-us-level-break-development-v1,cal_7b379f52c730b743c9a3,7b379f52c730b743c9a314e38b9d3bf84bd0335632044ae6844e300bb577624b,reports/pattern-review/review_aee24f4982643240b8c9.svg,aee24f4982643240b8c9ef0a871a1b0ca0b7f0354d98602af0396e071688f599,VALID
review_af5a7b0f38aa724b7d17,NEGATIVE_CONTROL_NO_DETECTION,breakdown,EQUITY,IBKR:265598,AAPL,,2019-09-30,39dc4404462f5e33314b83ea2dce5abb63d5a0fcb6dd05441713e7b897bffd4b,,2019-09-30,wp-us-level-break-development-v1,cal_7b379f52c730b743c9a3,7b379f52c730b743c9a314e38b9d3bf84bd0335632044ae6844e300bb577624b,reports/pattern-review/review_af5a7b0f38aa724b7d17.svg,af5a7b0f38aa724b7d177422335f481702965ebb6ce4ce2464788de1cd988232,VALID
review_afcaad9b99b8ed67d9c9,NEGATIVE_CONTROL_NO_DETECTION,rectangle,FIXED_INCOME,IBKR:15547816,LQD,,2019-09-30,23a3c496b6730bdf16647f28aeb4452e5de3f814dd710a53bd5ded504fc05796,,2019-09-30,wp-us-rectangle-development-v1,cal_ce0e5f3208eb2439d077,ce0e5f3208eb2439d0777939c406e75ed3eb37fa6bf523aa005adaa9aee9a534,reports/pattern-review/review_afcaad9b99b8ed67d9c9.svg,afcaad9b99b8ed67d9c96c36a0e218769eb9a6a5b246fce666a3bc9ac4edb743,VALID
review_b03effbe92f45a4dab05,NEGATIVE_CONTROL_NO_DETECTION,double_top,EQUITY,IBKR:8719,JNJ,,2021-03-31,4aa4be3cb3ad52f73f5c75093ad2f35c50e01ddc375ceb26d77a1bef76258733,,2021-03-31,wp-us-double-reversal-development-v1,cal_c9e225163e06a8295dc2,c9e225163e06a8295dc2be5096262705ab0d8523d6c3523773c6d9cd8a22da8f,reports/pattern-review/review_b03effbe92f45a4dab05.svg,b03effbe92f45a4dab05b8fa013c3c4bb5e4f09700c43174b936773e5efdf2e6,VALID
review_b33a9cf128dff19e1f52,NEGATIVE_CONTROL_NO_DETECTION,breakdown,EQUITY,IBKR:9579970,IWM,,2019-09-30,87f2c8af6f37027fd24d5cfb2827f3e8ee87bbacb53e878269c11148683c3090,,2019-09-30,wp-us-level-break-development-v1,cal_7b379f52c730b743c9a3,7b379f52c730b743c9a314e38b9d3bf84bd0335632044ae6844e300bb577624b,reports/pattern-review/review_b33a9cf128dff19e1f52.svg,b33a9cf128dff19e1f52aeb11e7464486fc23311c948f173e66a27ad0922c63d,VALID
review_b4b7470da40393434900,NEGATIVE_CONTROL_NO_DETECTION,double_bottom,FIXED_INCOME,IBKR:15547841,TLT,,2020-03-31,a229b6091c9f4ead506256015da1ed32851f3f614c96a40a520056ec3dd233b7,,2020-03-31,wp-us-double-reversal-development-v1,cal_e3b5eabaa54e21136c81,e3b5eabaa54e21136c812bef073e7fc041b0dafd6153b292ca61b43912514aee,reports/pattern-review/review_b4b7470da40393434900.svg,b4b7470da403934349007aec9cc191e387045f4ece10f3e8454e00757ff04c1d,VALID
review_b7bae06eb6c19cc171d6,DETECTED_CANDIDATE,rectangle,EQUITY,IBKR:1520593,JPM,2020-11-24,2020-12-23,7b36de1a2f59c3ff6975e2492375bc797e750a4e98cb9e864b9118c34ea04e34,pat_b4ef6b403209f5cec484,,wp-us-rectangle-development-v1,cal_fa2b2f348d54f8d5e3a4,fa2b2f348d54f8d5e3a4d304e8ba35e857dd702994dc37c617f3dea16d13047d,reports/pattern-review/review_b7bae06eb6c19cc171d6.svg,b7bae06eb6c19cc171d6516120941a9ea87c60b739b5df9984fa1ff42faf0693,VALID
review_bc5409decb1d483b842a,DETECTED_CANDIDATE,ascending_triangle,FIXED_INCOME,IBKR:15547841,TLT,2019-01-31,2019-02-21,a229b6091c9f4ead506256015da1ed32851f3f614c96a40a520056ec3dd233b7,pat_9fa00832ac78f574ff17,,wp-us-ascending-triangle-development-v1,cal_b85671a45db076094e37,b85671a45db076094e37ddb7ec688a59bc71f773ec491237f5780a0cf8c58422,reports/pattern-review/review_bc5409decb1d483b842a.svg,bc5409decb1d483b842abcb491a3ea9a9f8f8b194004dd10755528e3ba5b7e94,VALID
review_bdbc9e23eb853b36aa2a,DETECTED_CANDIDATE,ascending_triangle,FIXED_INCOME,IBKR:15547816,LQD,2018-12-26,2019-03-01,23a3c496b6730bdf16647f28aeb4452e5de3f814dd710a53bd5ded504fc05796,pat_bd5c1bda9d1930dbaaee,,wp-us-ascending-triangle-development-v1,cal_b85671a45db076094e37,b85671a45db076094e37ddb7ec688a59bc71f773ec491237f5780a0cf8c58422,reports/pattern-review/review_bdbc9e23eb853b36aa2a.svg,bdbc9e23eb853b36aa2a0a1f88414741dbc90689cd90648cea7162ff3dc110a6,VALID
review_bdcadbb54ec189f9b70d,DETECTED_CANDIDATE,double_bottom,FIXED_INCOME,IBKR:15547841,TLT,2018-12-26,2019-03-22,a229b6091c9f4ead506256015da1ed32851f3f614c96a40a520056ec3dd233b7,pat_fa089d896345a712a127,,wp-us-double-reversal-development-v1,cal_e3b5eabaa54e21136c81,e3b5eabaa54e21136c812bef073e7fc041b0dafd6153b292ca61b43912514aee,reports/pattern-review/review_bdcadbb54ec189f9b70d.svg,bdcadbb54ec189f9b70dfbc27fffa178c771cd1597588ad6c1ced62e0d22770a,VALID
review_bed9be26a05f869a9680,DETECTED_CANDIDATE,breakdown,FIXED_INCOME,IBKR:15547851,SHY,2021-02-25,2021-02-25,bfc92f973086d1fb2efc5ff5ee1eebbcae96eaa5b569edbfb1ae74ab3ed59c36,pat_e44f6df594df37a7ca22,,wp-us-level-break-development-v1,cal_cc389e09689edfd91fa6,cc389e09689edfd91fa664e2c82f9962ebf2e4a916041fb6619bc9e7be44a650,reports/pattern-review/review_bed9be26a05f869a9680.svg,bed9be26a05f869a9680ebc1a1e6a66b5e36dd788b9e2cb1231ccde2df95d2ff,VALID
review_bf9ca36217e35986ab4f,NEGATIVE_CONTROL_NO_DETECTION,double_bottom,EQUITY,IBKR:1520593,JPM,,2022-09-30,7b36de1a2f59c3ff6975e2492375bc797e750a4e98cb9e864b9118c34ea04e34,,2022-09-30,wp-us-double-reversal-development-v1,cal_5935687436cd34fcba41,5935687436cd34fcba41e21dbbfabdeceb0d5348e92abee0343d7de3a8d9b90f,reports/pattern-review/review_bf9ca36217e35986ab4f.svg,bf9ca36217e35986ab4f56b56e6eacc1913c934d68b434aaff7c803908546998,VALID
review_c0113f7f31c6ee49d2d6,NEGATIVE_CONTROL_NO_DETECTION,double_top,FIXED_INCOME,IBKR:15547851,SHY,,2019-09-30,bfc92f973086d1fb2efc5ff5ee1eebbcae96eaa5b569edbfb1ae74ab3ed59c36,,2019-09-30,wp-us-double-reversal-development-v1,cal_e4284f08f58675eb0a5f,e4284f08f58675eb0a5f7f318d175e1220246cdfa265906df2b2dd007b73bffd,reports/pattern-review/review_c0113f7f31c6ee49d2d6.svg,c0113f7f31c6ee49d2d6543f9d6feffa1e4f6b2d3eb0b57692b154d1c5d0f2f7,VALID
review_c03d5970ecdc1d309f31,NEGATIVE_CONTROL_NO_DETECTION,double_top,FIXED_INCOME,IBKR:25985141,AGG,,2019-09-30,34021b139326d8c048e4d41ba263914a7510dc01cf11c44827aca2affa3ddfdb,,2019-09-30,wp-us-double-reversal-development-v1,cal_e4284f08f58675eb0a5f,e4284f08f58675eb0a5f7f318d175e1220246cdfa265906df2b2dd007b73bffd,reports/pattern-review/review_c03d5970ecdc1d309f31.svg,c03d5970ecdc1d309f31610e03a6b8deb864391ba22eb9b7387ab9c0b793e699,VALID
review_c1cb9864d69f3e991958,DETECTED_CANDIDATE,double_bottom,FIXED_INCOME,IBKR:25985141,AGG,2022-06-27,2022-08-11,34021b139326d8c048e4d41ba263914a7510dc01cf11c44827aca2affa3ddfdb,pat_92a4a55932076386b7f0,,wp-us-double-reversal-development-v1,cal_e3b5eabaa54e21136c81,e3b5eabaa54e21136c812bef073e7fc041b0dafd6153b292ca61b43912514aee,reports/pattern-review/review_c1cb9864d69f3e991958.svg,c1cb9864d69f3e991958b55275f67b3f8822f17413c0f1ed26a018081ae5ad5f,VALID
review_c26fe0684249d0d07562,DETECTED_CANDIDATE,breakdown,FIXED_INCOME,IBKR:15547841,TLT,2019-11-07,2019-11-14,a229b6091c9f4ead506256015da1ed32851f3f614c96a40a520056ec3dd233b7,pat_c4adca0123f73bbedc1a,,wp-us-level-break-development-v1,cal_cc389e09689edfd91fa6,cc389e09689edfd91fa664e2c82f9962ebf2e4a916041fb6619bc9e7be44a650,reports/pattern-review/review_c26fe0684249d0d07562.svg,c26fe0684249d0d0756206d2ad2c9a496d31db33d9a82de03f4c60726c896715,VALID
review_c27f366dc71477729058,DETECTED_CANDIDATE,double_bottom,EQUITY,IBKR:8719,JNJ,2019-01-03,2019-07-19,4aa4be3cb3ad52f73f5c75093ad2f35c50e01ddc375ceb26d77a1bef76258733,pat_5ea27ed89e3a78dc6227,,wp-us-double-reversal-development-v1,cal_5935687436cd34fcba41,5935687436cd34fcba41e21dbbfabdeceb0d5348e92abee0343d7de3a8d9b90f,reports/pattern-review/review_c27f366dc71477729058.svg,c27f366dc71477729058e9dfcd297fcb456c4224b1bc27f6127c1e03db7c811b,VALID
review_c528160570a762e69b5c,NEGATIVE_CONTROL_NO_DETECTION,double_top,EQUITY,IBKR:265598,AAPL,,2020-03-31,39dc4404462f5e33314b83ea2dce5abb63d5a0fcb6dd05441713e7b897bffd4b,,2020-03-31,wp-us-double-reversal-development-v1,cal_c9e225163e06a8295dc2,c9e225163e06a8295dc2be5096262705ab0d8523d6c3523773c6d9cd8a22da8f,reports/pattern-review/review_c528160570a762e69b5c.svg,c528160570a762e69b5c883336fa5461198752cfc086911998b898e33f5e877b,VALID
review_c5c4d7b03f9e5e26c0fc,NEGATIVE_CONTROL_NO_DETECTION,double_bottom,EQUITY,IBKR:320227571,QQQ,,2020-03-31,ee111b2dcb4fc20a5eca2e004b53474a7e3aee2fc41cff45b22e6afae5feb0c6,,2020-03-31,wp-us-double-reversal-development-v1,cal_5935687436cd34fcba41,5935687436cd34fcba41e21dbbfabdeceb0d5348e92abee0343d7de3a8d9b90f,reports/pattern-review/review_c5c4d7b03f9e5e26c0fc.svg,c5c4d7b03f9e5e26c0fc83fe4d34f4bcc5ba3b7ae40a1dac3027706f33fb0a1c,VALID
review_c5e08c5e1ebe91c10a55,NEGATIVE_CONTROL_NO_DETECTION,double_top,EQUITY,IBKR:9579970,IWM,,2022-09-30,87f2c8af6f37027fd24d5cfb2827f3e8ee87bbacb53e878269c11148683c3090,,2022-09-30,wp-us-double-reversal-development-v1,cal_c9e225163e06a8295dc2,c9e225163e06a8295dc2be5096262705ab0d8523d6c3523773c6d9cd8a22da8f,reports/pattern-review/review_c5e08c5e1ebe91c10a55.svg,c5e08c5e1ebe91c10a5550609f6debe5ef647eafe703b6786dfe302a39452192,VALID
review_c618c032431b3c43f66b,DETECTED_CANDIDATE,breakout,EQUITY,IBKR:1520593,JPM,2019-04-12,2019-05-30,7b36de1a2f59c3ff6975e2492375bc797e750a4e98cb9e864b9118c34ea04e34,pat_e30e02cba2d772e6274c,,wp-us-level-break-development-v1,cal_07b52fb1ffb813aedfd4,07b52fb1ffb813aedfd4ab5fc1cee5a50882754eef669cf0bb9d6140e62fbc04,reports/pattern-review/review_c618c032431b3c43f66b.svg,c618c032431b3c43f66bc7e07c6260ff80335d05a987a231ee612b8229b6bacc,VALID
review_caf3821d15f9b7d4e854,NEGATIVE_CONTROL_NO_DETECTION,double_bottom,EQUITY,IBKR:9579970,IWM,,2021-09-30,87f2c8af6f37027fd24d5cfb2827f3e8ee87bbacb53e878269c11148683c3090,,2021-09-30,wp-us-double-reversal-development-v1,cal_5935687436cd34fcba41,5935687436cd34fcba41e21dbbfabdeceb0d5348e92abee0343d7de3a8d9b90f,reports/pattern-review/review_caf3821d15f9b7d4e854.svg,caf3821d15f9b7d4e854b3528d022ba84d8f33fa23717a974f44193243bdf8c9,VALID
review_cbc0d233f4a2309df66c,DETECTED_CANDIDATE,double_top,EQUITY,IBKR:8719,JNJ,2018-12-31,2020-03-20,4aa4be3cb3ad52f73f5c75093ad2f35c50e01ddc375ceb26d77a1bef76258733,pat_f41f3100f80282f19b3d,,wp-us-double-reversal-development-v1,cal_c9e225163e06a8295dc2,c9e225163e06a8295dc2be5096262705ab0d8523d6c3523773c6d9cd8a22da8f,reports/pattern-review/review_cbc0d233f4a2309df66c.svg,cbc0d233f4a2309df66c159bfda5f0358c9c82eae50d5ac152bc79e7c0b61bbe,VALID
review_cc866ceb31bc9634f3ac,NEGATIVE_CONTROL_NO_DETECTION,breakdown,FIXED_INCOME,IBKR:15547841,TLT,,2019-09-30,a229b6091c9f4ead506256015da1ed32851f3f614c96a40a520056ec3dd233b7,,2019-09-30,wp-us-level-break-development-v1,cal_cc389e09689edfd91fa6,cc389e09689edfd91fa664e2c82f9962ebf2e4a916041fb6619bc9e7be44a650,reports/pattern-review/review_cc866ceb31bc9634f3ac.svg,cc866ceb31bc9634f3ac6c3d2b05e9a5c03e0abbcdd87250a4b13ee6923ae827,VALID
review_cf86fd63680ee41112a1,DETECTED_CANDIDATE,ascending_triangle,EQUITY,IBKR:1520593,JPM,2019-05-16,2019-06-21,7b36de1a2f59c3ff6975e2492375bc797e750a4e98cb9e864b9118c34ea04e34,pat_16f02be1d1725e6048da,,wp-us-ascending-triangle-development-v1,cal_b8616363e4acd36e4071,b8616363e4acd36e4071f8813d1c643406fbfd805b37a4b078eb58e04636dc1e,reports/pattern-review/review_cf86fd63680ee41112a1.svg,cf86fd63680ee41112a1d9bdb25e9b2a6d84eb5b103a6733470aa68fdaa1ed2f,VALID
review_d275bc5f25c6b94a03b6,DETECTED_CANDIDATE,breakdown,FIXED_INCOME,IBKR:15547816,LQD,2020-03-11,2020-04-09,23a3c496b6730bdf16647f28aeb4452e5de3f814dd710a53bd5ded504fc05796,pat_5c155fe73d64ef52e7d3,,wp-us-level-break-development-v1,cal_cc389e09689edfd91fa6,cc389e09689edfd91fa664e2c82f9962ebf2e4a916041fb6619bc9e7be44a650,reports/pattern-review/review_d275bc5f25c6b94a03b6.svg,d275bc5f25c6b94a03b6aaf9fd8666b014294cd5f1b1bf8a5469a81c0113a733,VALID
review_d41d99c8841ef63b19d8,DETECTED_CANDIDATE,double_top,EQUITY,IBKR:1520593,JPM,2019-01-30,2019-03-28,7b36de1a2f59c3ff6975e2492375bc797e750a4e98cb9e864b9118c34ea04e34,pat_0621d4d79bd9755e7804,,wp-us-double-reversal-development-v1,cal_c9e225163e06a8295dc2,c9e225163e06a8295dc2be5096262705ab0d8523d6c3523773c6d9cd8a22da8f,reports/pattern-review/review_d41d99c8841ef63b19d8.svg,d41d99c8841ef63b19d8e6a101f7d1f6f67c287caef441020db4d97122e23641,VALID
review_d4377f90230c017036d3,DETECTED_CANDIDATE,ascending_triangle,EQUITY,IBKR:272093,MSFT,2019-01-14,2019-01-30,026d08710b6250ee81dc6ac4ae0317a2026e9f08cd871e4cd5047d948eeb82b0,pat_63d347b00e324a356bbf,,wp-us-ascending-triangle-development-v1,cal_b8616363e4acd36e4071,b8616363e4acd36e4071f8813d1c643406fbfd805b37a4b078eb58e04636dc1e,reports/pattern-review/review_d4377f90230c017036d3.svg,d4377f90230c017036d354abd819a95cbc419d0e9f1e2195ffba7c9016e7a827,VALID
review_d75e491fcb6e77a9d74f,DETECTED_CANDIDATE,rectangle,EQUITY,IBKR:320227571,QQQ,2019-08-13,2019-09-05,ee111b2dcb4fc20a5eca2e004b53474a7e3aee2fc41cff45b22e6afae5feb0c6,pat_87f916a8432b6a6c9213,,wp-us-rectangle-development-v1,cal_fa2b2f348d54f8d5e3a4,fa2b2f348d54f8d5e3a4d304e8ba35e857dd702994dc37c617f3dea16d13047d,reports/pattern-review/review_d75e491fcb6e77a9d74f.svg,d75e491fcb6e77a9d74fed15d4c820866d3873323d53bde1d89b239e019a235e,VALID
review_d8cab0cd0dbbb35263a6,NEGATIVE_CONTROL_NO_DETECTION,rectangle,EQUITY,IBKR:9579970,IWM,,2019-09-30,87f2c8af6f37027fd24d5cfb2827f3e8ee87bbacb53e878269c11148683c3090,,2019-09-30,wp-us-rectangle-development-v1,cal_fa2b2f348d54f8d5e3a4,fa2b2f348d54f8d5e3a4d304e8ba35e857dd702994dc37c617f3dea16d13047d,reports/pattern-review/review_d8cab0cd0dbbb35263a6.svg,d8cab0cd0dbbb35263a6496ab3291bca580def59b19cda96b744eee8485bce12,VALID
review_dc5beb3e760fb1d74eef,NEGATIVE_CONTROL_NO_DETECTION,double_bottom,FIXED_INCOME,IBKR:15547816,LQD,,2019-09-30,23a3c496b6730bdf16647f28aeb4452e5de3f814dd710a53bd5ded504fc05796,,2019-09-30,wp-us-double-reversal-development-v1,cal_e3b5eabaa54e21136c81,e3b5eabaa54e21136c812bef073e7fc041b0dafd6153b292ca61b43912514aee,reports/pattern-review/review_dc5beb3e760fb1d74eef.svg,dc5beb3e760fb1d74eefaeacab83b1c74743dd92e771e518e3638b1741630293,VALID
review_dcbdada719e73983d6a5,DETECTED_CANDIDATE,double_top,EQUITY,IBKR:265598,AAPL,2019-02-06,2019-03-11,39dc4404462f5e33314b83ea2dce5abb63d5a0fcb6dd05441713e7b897bffd4b,pat_895e558c59f7caf62b2f,,wp-us-double-reversal-development-v1,cal_c9e225163e06a8295dc2,c9e225163e06a8295dc2be5096262705ab0d8523d6c3523773c6d9cd8a22da8f,reports/pattern-review/review_dcbdada719e73983d6a5.svg,dcbdada719e73983d6a52fe880f9143815591ce0b82b46b9a25786e8138eab6f,VALID
review_dd5941e7aa641d45b916,NEGATIVE_CONTROL_NO_DETECTION,ascending_triangle,FIXED_INCOME,IBKR:15547851,SHY,,2019-09-30,bfc92f973086d1fb2efc5ff5ee1eebbcae96eaa5b569edbfb1ae74ab3ed59c36,,2019-09-30,wp-us-ascending-triangle-development-v1,cal_b85671a45db076094e37,b85671a45db076094e37ddb7ec688a59bc71f773ec491237f5780a0cf8c58422,reports/pattern-review/review_dd5941e7aa641d45b916.svg,dd5941e7aa641d45b916a0562f82f901bf3b0af48c4395292b39a003aa9338cd,VALID
review_dd76a51da290d2320e40,NEGATIVE_CONTROL_NO_DETECTION,rectangle,EQUITY,IBKR:272093,MSFT,,2020-03-31,026d08710b6250ee81dc6ac4ae0317a2026e9f08cd871e4cd5047d948eeb82b0,,2020-03-31,wp-us-rectangle-development-v1,cal_fa2b2f348d54f8d5e3a4,fa2b2f348d54f8d5e3a4d304e8ba35e857dd702994dc37c617f3dea16d13047d,reports/pattern-review/review_dd76a51da290d2320e40.svg,dd76a51da290d2320e404992b174bcd77237f5df44de7d6076e939bac0c7a492,VALID
review_df6705444cc6326fa5ed,NEGATIVE_CONTROL_NO_DETECTION,breakout,EQUITY,IBKR:4815747,NVDA,,2019-09-30,cb49ca012c5c799e80d23c34c8e567d1f4bb7b6f7d9b8e7937a716fdf2f59b45,,2019-09-30,wp-us-level-break-development-v1,cal_07b52fb1ffb813aedfd4,07b52fb1ffb813aedfd4ab5fc1cee5a50882754eef669cf0bb9d6140e62fbc04,reports/pattern-review/review_df6705444cc6326fa5ed.svg,df6705444cc6326fa5ed893890cbe8728c21ab558d215cbac190d7aaa17f6018,VALID
review_e3d8848a96102ede88ae,NEGATIVE_CONTROL_NO_DETECTION,double_bottom,EQUITY,IBKR:4815747,NVDA,,2021-09-30,cb49ca012c5c799e80d23c34c8e567d1f4bb7b6f7d9b8e7937a716fdf2f59b45,,2021-09-30,wp-us-double-reversal-development-v1,cal_5935687436cd34fcba41,5935687436cd34fcba41e21dbbfabdeceb0d5348e92abee0343d7de3a8d9b90f,reports/pattern-review/review_e3d8848a96102ede88ae.svg,e3d8848a96102ede88aeff3822638a4c896c5c9bba2e88582a625e139e1ccadf,VALID
review_e47399d503b5539b2b50,NEGATIVE_CONTROL_NO_DETECTION,ascending_triangle,EQUITY,IBKR:9579970,IWM,,2020-03-31,87f2c8af6f37027fd24d5cfb2827f3e8ee87bbacb53e878269c11148683c3090,,2020-03-31,wp-us-ascending-triangle-development-v1,cal_b8616363e4acd36e4071,b8616363e4acd36e4071f8813d1c643406fbfd805b37a4b078eb58e04636dc1e,reports/pattern-review/review_e47399d503b5539b2b50.svg,e47399d503b5539b2b50b67e4b544769e172121753588ef3de824375140fdd43,VALID
review_e5bb95439df1010ecdf6,DETECTED_CANDIDATE,rectangle,EQUITY,IBKR:756733,SPY,2019-08-05,2019-09-05,93e7d54bbd8bb50b25bbb1b13c7689686fd70a6a469594ed75a1a2e845565c8c,pat_8cf9a6228e85ef356991,,wp-us-rectangle-development-v1,cal_fa2b2f348d54f8d5e3a4,fa2b2f348d54f8d5e3a4d304e8ba35e857dd702994dc37c617f3dea16d13047d,reports/pattern-review/review_e5bb95439df1010ecdf6.svg,e5bb95439df1010ecdf63c53cde8d54cc932ddc30433e4343f5db995b0dbf17b,VALID
review_e68dd1e64e06d7f2c9bc,DETECTED_CANDIDATE,double_bottom,EQUITY,IBKR:272093,MSFT,2019-05-13,2019-06-07,026d08710b6250ee81dc6ac4ae0317a2026e9f08cd871e4cd5047d948eeb82b0,pat_311b879fe5a9398ff703,,wp-us-double-reversal-development-v1,cal_5935687436cd34fcba41,5935687436cd34fcba41e21dbbfabdeceb0d5348e92abee0343d7de3a8d9b90f,reports/pattern-review/review_e68dd1e64e06d7f2c9bc.svg,e68dd1e64e06d7f2c9bcf994ac87870cee43cf048f82a94f3fa55289948c0e58,VALID
review_eb57701cd88fab273e47,NEGATIVE_CONTROL_NO_DETECTION,breakout,EQUITY,IBKR:9579970,IWM,,2019-09-30,87f2c8af6f37027fd24d5cfb2827f3e8ee87bbacb53e878269c11148683c3090,,2019-09-30,wp-us-level-break-development-v1,cal_07b52fb1ffb813aedfd4,07b52fb1ffb813aedfd4ab5fc1cee5a50882754eef669cf0bb9d6140e62fbc04,reports/pattern-review/review_eb57701cd88fab273e47.svg,eb57701cd88fab273e4778c25dc9dc81f03fdf74cde4775612ebf12a61f062bb,VALID
review_f036b9e0809a0529404d,NEGATIVE_CONTROL_NO_DETECTION,ascending_triangle,EQUITY,IBKR:272093,MSFT,,2020-09-30,026d08710b6250ee81dc6ac4ae0317a2026e9f08cd871e4cd5047d948eeb82b0,,2020-09-30,wp-us-ascending-triangle-development-v1,cal_b8616363e4acd36e4071,b8616363e4acd36e4071f8813d1c643406fbfd805b37a4b078eb58e04636dc1e,reports/pattern-review/review_f036b9e0809a0529404d.svg,f036b9e0809a0529404d5c6bd3176f2bd588c2e8506f6a74d667cf3b61b666ac,VALID
review_f13733f290cdffb34507,DETECTED_CANDIDATE,double_top,FIXED_INCOME,IBKR:25985141,AGG,2020-03-30,2021-03-08,34021b139326d8c048e4d41ba263914a7510dc01cf11c44827aca2affa3ddfdb,pat_d08545fafc0d1aecec31,,wp-us-double-reversal-development-v1,cal_e4284f08f58675eb0a5f,e4284f08f58675eb0a5f7f318d175e1220246cdfa265906df2b2dd007b73bffd,reports/pattern-review/review_f13733f290cdffb34507.svg,f13733f290cdffb34507644641f6989874d3e5eb48bc7652f8e6cc1c9676175c,VALID
review_f5ddd03b74f0ef0157d5,NEGATIVE_CONTROL_NO_DETECTION,rectangle,FIXED_INCOME,IBKR:25985141,AGG,,2019-09-30,34021b139326d8c048e4d41ba263914a7510dc01cf11c44827aca2affa3ddfdb,,2019-09-30,wp-us-rectangle-development-v1,cal_ce0e5f3208eb2439d077,ce0e5f3208eb2439d0777939c406e75ed3eb37fa6bf523aa005adaa9aee9a534,reports/pattern-review/review_f5ddd03b74f0ef0157d5.svg,f5ddd03b74f0ef0157d58c29185d1f08e388c34c59f320613f98c635eac45708,VALID
review_fcc6d177358a1d25fa94,NEGATIVE_CONTROL_NO_DETECTION,ascending_triangle,EQUITY,IBKR:265598,AAPL,,2019-09-30,39dc4404462f5e33314b83ea2dce5abb63d5a0fcb6dd05441713e7b897bffd4b,,2019-09-30,wp-us-ascending-triangle-development-v1,cal_b8616363e4acd36e4071,b8616363e4acd36e4071f8813d1c643406fbfd805b37a4b078eb58e04636dc1e,reports/pattern-review/review_fcc6d177358a1d25fa94.svg,fcc6d177358a1d25fa946772d9eae913604656dcff926ee0f48e102ffd8c4190,VALID
review_ff5bebdc1fcc879a3d43,NEGATIVE_CONTROL_NO_DETECTION,double_top,EQUITY,IBKR:4815747,NVDA,,2020-03-31,cb49ca012c5c799e80d23c34c8e567d1f4bb7b6f7d9b8e7937a716fdf2f59b45,,2020-03-31,wp-us-double-reversal-development-v1,cal_c9e225163e06a8295dc2,c9e225163e06a8295dc2be5096262705ab0d8523d6c3523773c6d9cd8a22da8f,reports/pattern-review/review_ff5bebdc1fcc879a3d43.svg,ff5bebdc1fcc879a3d434bbf468597e127fb8de4c645ccc17651a92f176c0d22,VALID
review_ffd353f97db1ca6e6e8f,DETECTED_CANDIDATE,double_bottom,FIXED_INCOME,IBKR:15547844,IEF,2019-01-18,2022-04-07,e0a7f9d815856bfccd52d7a79efe79f4e6369ddf89baf5c778eea2fed08b8aed,pat_936dbd18fd210cd3ef6c,,wp-us-double-reversal-development-v1,cal_e3b5eabaa54e21136c81,e3b5eabaa54e21136c812bef073e7fc041b0dafd6153b292ca61b43912514aee,reports/pattern-review/review_ffd353f97db1ca6e6e8f.svg,ffd353f97db1ca6e6e8fc30be64f7fdd3e6639370c67c4d05469861303df79c5,VALID
