symbol,market,date,open,high,low,close,volume
AAPL,US,2024-12-30,224.96,226.65,223.61,225.3,900000
AAPL,US,2024-12-31,225.88,227.58,224.52,226.22,924000
AAPL,US,2025-01-01,226.76,228.47,225.4,227.11,948000
AAPL,US,2025-01-02,227.56,229.3,226.19,227.93,972000
AAPL,US,2025-01-03,228.25,230.01,226.88,228.64,996000
AAPL,US,2025-01-06,228.79,230.59,227.42,229.21,1020000
AAPL,US,2025-01-07,229.18,231.01,227.8,229.63,1044000
AAPL,US,2025-01-08,229.4,231.27,228.02,229.89,1068000
AAPL,US,2025-01-09,229.43,231.34,228.05,229.96,1092000
AAPL,US,2025-01-10,229.29,231.24,227.91,229.86,1116000
AAPL,US,2025-01-13,228.99,230.97,227.62,229.59,1140000
AAPL,US,2025-01-14,228.52,230.53,227.15,229.16,1164000
AAPL,US,2025-01-15,227.94,229.98,226.57,228.61,1188000
AAPL,US,2025-01-16,227.24,229.32,225.88,227.95,1212000
AAPL,US,2025-01-17,226.49,228.58,225.13,227.22,1236000
AAPL,US,2025-01-20,225.7,227.81,224.35,226.45,1260000
AAPL,US,2025-01-21,224.91,227.03,223.56,225.68,1284000
AAPL,US,2025-01-22,224.18,226.31,222.83,224.96,900000
AAPL,US,2025-01-23,223.52,225.65,222.18,224.3,924000
AAPL,US,2025-01-24,222.98,225.1,221.64,223.76,948000
AAPL,US,2025-01-27,222.57,224.68,221.23,223.34,972000
AAPL,US,2025-01-28,222.32,224.42,220.99,223.08,996000
AAPL,US,2025-01-29,222.26,224.34,220.93,223,1020000
AAPL,US,2025-01-30,222.37,224.43,221.04,223.09,1044000
AAPL,US,2025-01-31,222.66,224.69,221.32,223.35,1068000
AAPL,US,2025-02-03,223.13,225.13,221.79,223.79,1092000
AAPL,US,2025-02-04,223.75,225.73,222.41,224.38,1116000
AAPL,US,2025-02-05,224.51,226.45,223.16,225.1,1140000
AAPL,US,2025-02-06,225.37,227.28,224.02,225.92,1164000
AAPL,US,2025-02-07,226.29,228.17,224.93,226.81,1188000
AAPL,US,2025-02-10,227.25,229.1,225.89,227.73,1212000
AAPL,US,2025-02-11,228.21,230.03,226.84,228.66,1236000
AAPL,US,2025-02-12,229.12,230.92,227.75,229.54,1260000
AAPL,US,2025-02-13,229.95,231.73,228.57,230.35,1284000
AAPL,US,2025-02-14,230.67,232.44,229.29,231.05,900000
AAPL,US,2025-02-17,231.25,233,229.86,231.61,924000
AAPL,US,2025-02-18,231.67,233.41,230.28,232.02,948000
AAPL,US,2025-02-19,231.91,233.65,230.52,232.26,972000
AAPL,US,2025-02-20,231.97,233.71,230.58,232.32,996000
AAPL,US,2025-02-21,231.84,233.59,230.45,232.2,1020000
AAPL,US,2025-02-24,231.54,233.31,230.15,231.92,1044000
AAPL,US,2025-02-25,231.08,232.87,229.69,231.48,1068000
AAPL,US,2025-02-26,230.49,232.31,229.11,230.92,1092000
AAPL,US,2025-02-27,229.79,231.63,228.41,230.25,1116000
AAPL,US,2025-02-28,229.02,230.89,227.65,229.51,1140000
AAPL,US,2025-03-03,228.22,230.12,226.85,228.75,1164000
AAPL,US,2025-03-04,227.42,229.35,226.06,227.98,1188000
AAPL,US,2025-03-05,226.66,228.62,225.3,227.26,1212000
AAPL,US,2025-03-06,225.98,227.97,224.62,226.61,1236000
AAPL,US,2025-03-07,225.41,227.44,224.06,226.08,1260000
AAPL,US,2025-03-10,224.98,227.03,223.63,225.68,1284000
AAPL,US,2025-03-11,224.7,226.78,223.35,225.43,900000
AAPL,US,2025-03-12,224.61,226.71,223.26,225.36,924000
AAPL,US,2025-03-13,224.69,226.81,223.34,225.46,948000
AAPL,US,2025-03-14,224.96,227.09,223.61,225.74,972000
AAPL,US,2025-03-17,225.4,227.55,224.05,226.19,996000
AAPL,US,2025-03-18,226,228.15,224.64,226.79,1020000
AAPL,US,2025-03-19,226.73,228.89,225.37,227.52,1044000
AAPL,US,2025-03-20,227.57,229.72,226.2,228.35,1068000
AAPL,US,2025-03-21,228.48,230.62,227.11,229.24,1092000
AAPL,US,2025-03-24,229.43,231.55,228.05,230.17,1116000
AAPL,US,2025-03-25,230.38,232.48,229,231.09,1140000
AAPL,US,2025-03-26,231.29,233.36,229.9,231.97,1164000
AAPL,US,2025-03-27,232.12,234.17,230.73,232.77,1188000
AAPL,US,2025-03-28,232.85,234.86,231.45,233.46,1212000
AAPL,US,2025-03-31,233.44,235.41,232.04,234.01,1236000
AAPL,US,2025-04-01,233.88,235.82,232.48,234.41,1260000
AAPL,US,2025-04-02,234.13,236.04,232.73,234.63,1284000
AAPL,US,2025-04-03,234.22,236.09,232.81,234.68,900000
AAPL,US,2025-04-04,234.12,235.96,232.72,234.55,924000
AAPL,US,2025-04-07,233.85,235.66,232.45,234.25,948000
AAPL,US,2025-04-08,233.42,235.2,232.02,233.8,972000
AAPL,US,2025-04-09,232.87,234.63,231.47,233.23,996000
AAPL,US,2025-04-10,232.2,233.95,230.81,232.55,1020000
AAPL,US,2025-04-11,231.46,233.2,230.07,231.81,1044000
AAPL,US,2025-04-14,230.69,232.43,229.31,231.04,1068000
AAPL,US,2025-04-15,229.92,231.66,228.54,230.28,1092000
AAPL,US,2025-04-16,229.18,230.94,227.8,229.56,1116000
AAPL,US,2025-04-17,228.53,230.3,227.16,228.93,1140000
AAPL,US,2025-04-18,227.98,229.77,226.61,228.4,1164000
AAPL,US,2025-04-21,227.56,229.38,226.19,228.01,1188000
AAPL,US,2025-04-22,227.29,229.15,225.93,227.78,1212000
AAPL,US,2025-04-23,227.2,229.09,225.84,227.72,1236000
AAPL,US,2025-04-24,227.28,229.21,225.92,227.84,1260000
AAPL,US,2025-04-25,227.53,229.5,226.16,228.13,1284000
AAPL,US,2025-04-28,227.95,229.96,226.58,228.59,900000
AAPL,US,2025-04-29,228.52,230.58,227.15,229.2,924000
AAPL,US,2025-04-30,229.23,231.32,227.85,229.94,948000
AAPL,US,2025-05-01,230.02,232.15,228.64,230.77,972000
AAPL,US,2025-05-02,230.9,233.06,229.51,231.67,996000
AAPL,US,2025-05-05,231.8,234,230.41,232.6,1020000
AAPL,US,2025-05-06,232.71,234.92,231.31,233.52,1044000
AAPL,US,2025-05-07,233.57,235.8,232.17,234.39,1068000
AAPL,US,2025-05-08,234.36,236.59,232.95,235.18,1092000
AAPL,US,2025-05-09,235.04,237.28,233.63,235.86,1116000
AAPL,US,2025-05-12,235.61,237.83,234.2,236.41,1140000
AAPL,US,2025-05-13,236,238.21,234.58,236.79,1164000
AAPL,US,2025-05-14,236.24,238.42,234.82,237,1188000
AAPL,US,2025-05-15,236.3,238.45,234.88,237.03,1212000
AAPL,US,2025-05-16,236.2,238.31,234.78,236.89,1236000
AAPL,US,2025-05-19,235.92,238,234.5,236.58,1260000
AAPL,US,2025-05-20,235.5,237.54,234.09,236.12,1284000
AAPL,US,2025-05-21,234.97,236.95,233.56,235.54,900000
AAPL,US,2025-05-22,234.33,236.27,232.92,234.86,924000
AAPL,US,2025-05-23,233.62,235.51,232.22,234.11,948000
AAPL,US,2025-05-26,232.88,234.74,231.48,233.34,972000
AAPL,US,2025-05-27,232.16,233.98,230.77,232.58,996000
AAPL,US,2025-05-28,231.47,233.26,230.08,231.87,1020000
AAPL,US,2025-05-29,230.87,232.63,229.48,231.24,1044000
AAPL,US,2025-05-30,230.36,232.1,228.98,230.72,1068000
AAPL,US,2025-06-02,229.99,231.72,228.61,230.34,1092000
AAPL,US,2025-06-03,229.78,231.51,228.4,230.13,1116000
AAPL,US,2025-06-04,229.73,231.46,228.35,230.08,1140000
AAPL,US,2025-06-05,229.85,231.59,228.47,230.21,1164000
AAPL,US,2025-06-06,230.14,231.9,228.76,230.52,1188000
AAPL,US,2025-06-09,230.59,232.38,229.21,230.99,1212000
AAPL,US,2025-06-10,231.19,233.01,229.8,231.62,1236000
AAPL,US,2025-06-11,231.9,233.75,230.51,232.36,1260000
AAPL,US,2025-06-12,232.7,234.6,231.3,233.2,1284000
AAPL,US,2025-06-13,233.57,235.51,232.17,234.11,900000
AAPL,US,2025-06-16,234.46,236.45,233.05,235.04,924000
AAPL,US,2025-06-17,235.32,237.37,233.91,235.95,948000
AAPL,US,2025-06-18,236.15,238.24,234.73,236.82,972000
AAPL,US,2025-06-19,236.89,239.03,235.47,237.6,996000
AAPL,US,2025-06-20,237.53,239.7,236.1,238.27,1020000
AAPL,US,2025-06-23,238.03,240.23,236.6,238.8,1044000
AAPL,US,2025-06-24,238.37,240.61,236.94,239.17,1068000
AAPL,US,2025-06-25,238.55,240.81,237.12,239.37,1092000
AAPL,US,2025-06-26,238.56,240.83,237.13,239.39,1116000
AAPL,US,2025-06-27,238.39,240.67,236.96,239.23,1140000
AAPL,US,2025-06-30,238.08,240.34,236.65,238.91,1164000
AAPL,US,2025-07-01,237.61,239.87,236.18,238.44,1188000
AAPL,US,2025-07-02,237.03,239.27,235.61,237.84,1212000
AAPL,US,2025-07-03,236.37,238.58,234.95,237.16,1236000
AAPL,US,2025-07-04,235.65,237.83,234.24,236.41,1260000
AAPL,US,2025-07-07,234.92,237.05,233.51,235.64,1284000
AAPL,US,2025-07-08,234.19,236.29,232.78,234.88,900000
AAPL,US,2025-07-09,233.52,235.58,232.12,234.17,924000
AAPL,US,2025-07-10,232.94,234.95,231.54,233.55,948000
AAPL,US,2025-07-11,232.48,234.45,231.09,233.05,972000
AAPL,US,2025-07-14,232.15,234.08,230.76,232.68,996000
AAPL,US,2025-07-15,231.98,233.86,230.59,232.47,1020000
AAPL,US,2025-07-16,231.99,233.83,230.6,232.44,1044000
AAPL,US,2025-07-17,232.17,233.99,230.78,232.59,1068000
AAPL,US,2025-07-18,232.51,234.31,231.11,232.91,1092000
AAPL,US,2025-07-21,233.02,234.8,231.62,233.4,1116000
AAPL,US,2025-07-22,233.67,235.43,232.27,234.03,1140000
AAPL,US,2025-07-23,234.44,236.2,233.03,234.79,1164000
AAPL,US,2025-07-24,235.28,237.04,233.87,235.63,1188000
AAPL,US,2025-07-25,236.18,237.96,234.76,236.54,1212000
AAPL,US,2025-07-28,237.1,238.89,235.68,237.47,1236000
AAPL,US,2025-07-29,237.99,239.81,236.56,238.38,1260000
AAPL,US,2025-07-30,238.82,240.68,237.39,239.24,1284000
AAPL,US,2025-07-31,239.57,241.46,238.13,240.02,900000
AAPL,US,2025-08-01,240.2,242.12,238.76,240.68,924000
AAPL,US,2025-08-04,240.68,242.65,239.24,241.2,948000
AAPL,US,2025-08-05,240.99,243,239.54,241.55,972000
AAPL,US,2025-08-06,241.14,243.19,239.69,241.74,996000
AAPL,US,2025-08-07,241.1,243.19,239.65,241.74,1020000
AAPL,US,2025-08-08,240.89,243.02,239.44,241.57,1044000
AAPL,US,2025-08-11,240.51,242.68,239.07,241.23,1068000
AAPL,US,2025-08-12,240,242.19,238.56,240.75,1092000
AAPL,US,2025-08-13,239.37,241.59,237.93,240.15,1116000
AAPL,US,2025-08-14,238.66,240.9,237.23,239.46,1140000
AAPL,US,2025-08-15,237.89,240.14,236.46,238.71,1164000
AAPL,US,2025-08-18,237.11,239.37,235.69,237.94,1188000
AAPL,US,2025-08-19,236.35,238.6,234.93,237.18,1212000
AAPL,US,2025-08-20,235.65,237.9,234.24,236.48,1236000
AAPL,US,2025-08-21,235.05,237.29,233.64,235.87,1260000
AAPL,US,2025-08-22,234.57,236.78,233.16,235.37,1284000
AAPL,US,2025-08-25,234.24,236.43,232.83,235.02,900000
AAPL,US,2025-08-26,234.08,236.24,232.68,234.83,924000
AAPL,US,2025-08-27,234.09,236.22,232.69,234.81,948000
AAPL,US,2025-08-28,234.28,236.38,232.87,234.97,972000
AAPL,US,2025-08-29,234.65,236.71,233.24,235.3,996000
AAPL,US,2025-09-01,235.19,237.21,233.78,235.8,1020000
AAPL,US,2025-09-02,235.88,237.87,234.46,236.45,1044000
AAPL,US,2025-09-03,236.67,238.63,235.25,237.21,1068000
AAPL,US,2025-09-04,237.56,239.49,236.13,238.06,1092000
AAPL,US,2025-09-05,238.5,240.4,237.07,238.97,1116000
AAPL,US,2025-09-08,239.46,241.34,238.02,239.9,1140000
AAPL,US,2025-09-09,240.4,242.25,238.96,240.81,1164000
AAPL,US,2025-09-10,241.28,243.12,239.83,241.67,1188000
AAPL,US,2025-09-11,242.07,243.89,240.62,242.44,1212000
AAPL,US,2025-09-12,242.72,244.55,241.26,243.09,1236000
AAPL,US,2025-09-15,243.22,245.05,241.76,243.59,1260000
AAPL,US,2025-09-16,243.56,245.39,242.1,243.93,1284000
AAPL,US,2025-09-17,243.72,245.56,242.26,244.1,900000
AAPL,US,2025-09-18,243.69,245.55,242.23,244.09,924000
AAPL,US,2025-09-19,243.48,245.37,242.02,243.91,948000
AAPL,US,2025-09-22,243.11,245.02,241.65,243.56,972000
AAPL,US,2025-09-23,242.58,244.53,241.12,243.07,996000
AAPL,US,2025-09-24,241.94,243.91,240.49,242.46,1020000
AAPL,US,2025-09-25,241.2,243.21,239.75,241.76,1044000
AAPL,US,2025-09-26,240.41,242.46,238.97,241.01,1068000
AAPL,US,2025-09-29,239.59,241.67,238.15,240.23,1092000
AAPL,US,2025-09-30,238.8,240.92,237.37,239.48,1116000
AAPL,US,2025-10-01,238.08,240.22,236.65,238.79,1140000
AAPL,US,2025-10-02,237.44,239.61,236.02,238.18,1164000
AAPL,US,2025-10-03,236.93,239.13,235.51,237.7,1188000
AAPL,US,2025-10-06,236.56,238.77,235.14,237.35,1212000
AAPL,US,2025-10-07,236.37,238.6,234.95,237.18,1236000
AAPL,US,2025-10-08,236.35,238.59,234.93,237.17,1260000
AAPL,US,2025-10-09,236.52,238.77,235.1,237.35,1284000
AAPL,US,2025-10-10,236.87,239.13,235.45,237.7,900000
AAPL,US,2025-10-13,237.39,239.64,235.97,238.21,924000
AAPL,US,2025-10-14,238.05,240.29,236.62,238.86,948000
AAPL,US,2025-10-15,238.85,241.08,237.42,239.64,972000
AAPL,US,2025-10-16,239.72,241.93,238.28,240.49,996000
AAPL,US,2025-10-17,240.67,242.86,239.23,241.41,1020000
AAPL,US,2025-10-20,241.63,243.79,240.18,242.34,1044000
AAPL,US,2025-10-21,242.57,244.7,241.11,243.24,1068000
AAPL,US,2025-10-22,243.46,245.55,242,244.09,1092000
AAPL,US,2025-10-23,244.26,246.32,242.79,244.85,1116000
AAPL,US,2025-10-24,244.94,246.96,243.47,245.49,1140000
AAPL,US,2025-10-27,245.47,247.46,244,245.98,1164000
AAPL,US,2025-10-28,245.83,247.79,244.36,246.31,1188000
AAPL,US,2025-10-29,246.02,247.95,244.54,246.47,1212000
AAPL,US,2025-10-30,246.02,247.92,244.54,246.44,1236000
AAPL,US,2025-10-31,245.84,247.72,244.36,246.24,1260000
AAPL,US,2025-11-03,245.5,247.36,244.03,245.88,1284000
AAPL,US,2025-11-04,245.01,246.85,243.54,245.38,900000
AAPL,US,2025-11-05,244.39,246.23,242.92,244.76,924000
AAPL,US,2025-11-06,243.69,245.52,242.23,244.06,948000
AAPL,US,2025-11-07,242.92,244.76,241.46,243.3,972000
AAPL,US,2025-11-10,242.13,243.99,240.68,242.53,996000
AAPL,US,2025-11-11,241.36,243.23,239.91,241.78,1020000
AAPL,US,2025-11-12,240.64,242.54,239.2,241.09,1044000
AAPL,US,2025-11-13,240.02,241.94,238.58,240.5,1068000
AAPL,US,2025-11-14,239.5,241.46,238.06,240.02,1092000
AAPL,US,2025-11-17,239.13,241.13,237.7,239.69,1116000
AAPL,US,2025-11-18,238.93,240.97,237.5,239.53,1140000
AAPL,US,2025-11-19,238.9,240.98,237.47,239.54,1164000
AAPL,US,2025-11-20,239.05,241.17,237.62,239.73,1188000
AAPL,US,2025-11-21,239.37,241.53,237.93,240.09,1212000
AAPL,US,2025-11-24,239.87,242.06,238.43,240.62,1236000
AAPL,US,2025-11-25,240.5,242.73,239.06,241.28,1260000
AAPL,US,2025-11-26,241.25,243.51,239.8,242.06,1284000
AAPL,US,2025-11-27,242.1,244.39,240.65,242.93,900000
AAPL,US,2025-11-28,242.99,245.3,241.53,243.84,924000
AAPL,US,2025-12-01,243.91,246.24,242.45,244.77,948000
AAPL,US,2025-12-02,244.81,247.14,243.34,245.67,972000
AAPL,US,2025-12-03,245.67,248,244.2,246.52,996000
AAPL,US,2025-12-04,246.43,248.75,244.95,247.27,1020000
AAPL,US,2025-12-05,247.08,249.39,245.6,247.9,1044000
AAPL,US,2025-12-08,247.59,249.87,246.1,248.38,1068000
AAPL,US,2025-12-09,247.93,250.18,246.44,248.69,1092000
AAPL,US,2025-12-10,248.11,250.32,246.62,248.83,1116000
AAPL,US,2025-12-11,248.11,250.28,246.62,248.79,1140000
AAPL,US,2025-12-12,247.94,250.07,246.45,248.58,1164000
AAPL,US,2025-12-15,247.61,249.7,246.12,248.21,1188000
AAPL,US,2025-12-16,247.14,249.19,245.66,247.7,1212000
AAPL,US,2025-12-17,246.55,248.55,245.07,247.07,1236000
AAPL,US,2025-12-18,245.88,247.84,244.4,246.36,1260000
AAPL,US,2025-12-19,245.16,247.07,243.69,245.6,1284000
AAPL,US,2025-12-22,244.42,246.3,242.95,244.83,900000
AAPL,US,2025-12-23,243.7,245.55,242.24,244.09,924000
AAPL,US,2025-12-24,243.02,244.86,241.56,243.4,948000
AAPL,US,2025-12-25,242.44,244.27,240.99,242.81,972000
AAPL,US,2025-12-26,241.99,243.8,240.54,242.35,996000
0700,HK,2024-12-30,401.8,404.81,399.39,402.4,900000
0700,HK,2024-12-31,403.44,406.47,401.02,404.05,924000
0700,HK,2025-01-01,405.01,408.07,402.58,405.64,948000
0700,HK,2025-01-02,406.43,409.53,403.99,407.09,972000
0700,HK,2025-01-03,407.66,410.81,405.21,408.36,996000
0700,HK,2025-01-06,408.64,411.85,406.19,409.39,1020000
0700,HK,2025-01-07,409.33,412.6,406.87,410.14,1044000
0700,HK,2025-01-08,409.72,413.05,407.26,410.59,1068000
0700,HK,2025-01-09,409.79,413.19,407.33,410.73,1092000
0700,HK,2025-01-10,409.53,413,407.07,410.54,1116000
0700,HK,2025-01-13,408.98,412.52,406.53,410.06,1140000
0700,HK,2025-01-14,408.16,411.76,405.71,409.3,1164000
0700,HK,2025-01-15,407.1,410.76,404.66,408.31,1188000
0700,HK,2025-01-16,405.87,409.57,403.43,407.13,1212000
0700,HK,2025-01-17,404.51,408.25,402.08,405.82,1236000
0700,HK,2025-01-20,403.1,406.88,400.68,404.45,1260000
0700,HK,2025-01-21,401.7,405.5,399.29,403.08,1284000
0700,HK,2025-01-22,400.4,404.2,398,401.79,900000
0700,HK,2025-01-23,399.22,403.02,396.82,400.62,924000
0700,HK,2025-01-24,398.24,402.04,395.85,399.64,948000
0700,HK,2025-01-27,397.52,401.29,395.13,398.9,972000
0700,HK,2025-01-28,397.08,400.83,394.7,398.44,996000
0700,HK,2025-01-29,396.97,400.68,394.59,398.29,1020000
0700,HK,2025-01-30,397.17,400.84,394.79,398.45,1044000
0700,HK,2025-01-31,397.69,401.31,395.3,398.92,1068000
0700,HK,2025-02-03,398.52,402.1,396.13,399.7,1092000
0700,HK,2025-02-04,399.63,403.15,397.23,400.75,1116000
0700,HK,2025-02-05,400.98,404.44,398.57,402.03,1140000
0700,HK,2025-02-06,402.51,405.92,400.09,403.5,1164000
0700,HK,2025-02-07,404.16,407.52,401.74,405.09,1188000
0700,HK,2025-02-10,405.89,409.19,403.45,406.75,1212000
0700,HK,2025-02-11,407.59,410.84,405.14,408.39,1236000
0700,HK,2025-02-12,409.22,412.43,406.76,409.97,1260000
0700,HK,2025-02-13,410.7,413.88,408.24,411.41,1284000
0700,HK,2025-02-14,411.99,415.14,409.52,412.66,900000
0700,HK,2025-02-17,413.03,416.15,410.55,413.67,924000
0700,HK,2025-02-18,413.77,416.89,411.29,414.4,948000
0700,HK,2025-02-19,414.21,417.32,411.72,414.83,972000
0700,HK,2025-02-20,414.31,417.43,411.82,414.94,996000
0700,HK,2025-02-21,414.08,417.22,411.6,414.73,1020000
0700,HK,2025-02-24,413.54,416.71,411.06,414.22,1044000
0700,HK,2025-02-25,412.73,415.92,410.25,413.44,1068000
0700,HK,2025-02-26,411.67,414.9,409.2,412.43,1092000
0700,HK,2025-02-27,410.42,413.71,407.96,411.24,1116000
0700,HK,2025-02-28,409.05,412.39,406.6,409.93,1140000
0700,HK,2025-03-03,407.62,411.01,405.17,408.56,1164000
0700,HK,2025-03-04,406.19,409.63,403.75,407.19,1188000
0700,HK,2025-03-05,404.83,408.34,402.4,405.9,1212000
0700,HK,2025-03-06,403.62,407.18,401.2,404.75,1236000
0700,HK,2025-03-07,402.6,406.21,400.18,403.79,1260000
0700,HK,2025-03-10,401.82,405.49,399.41,403.07,1284000
0700,HK,2025-03-11,401.33,405.05,398.92,402.63,900000
0700,HK,2025-03-12,401.16,404.92,398.75,402.5,924000
0700,HK,2025-03-13,401.31,405.11,398.9,402.69,948000
0700,HK,2025-03-14,401.79,405.61,399.38,403.19,972000
0700,HK,2025-03-17,402.58,406.41,400.16,403.99,996000
0700,HK,2025-03-18,403.64,407.49,401.22,405.06,1020000
0700,HK,2025-03-19,404.95,408.8,402.52,406.36,1044000
0700,HK,2025-03-20,406.45,410.29,404.01,407.84,1068000
0700,HK,2025-03-21,408.08,411.9,405.63,409.44,1092000
0700,HK,2025-03-24,409.77,413.56,407.31,411.09,1116000
0700,HK,2025-03-25,411.47,415.22,409,412.74,1140000
0700,HK,2025-03-26,413.09,416.8,410.61,414.31,1164000
0700,HK,2025-03-27,414.57,418.22,412.08,415.73,1188000
0700,HK,2025-03-28,415.88,419.47,413.38,416.97,1212000
0700,HK,2025-03-31,416.94,420.47,414.44,417.96,1236000
0700,HK,2025-04-01,417.71,421.17,415.2,418.66,1260000
0700,HK,2025-04-02,418.17,421.57,415.66,419.06,1284000
0700,HK,2025-04-03,418.33,421.66,415.82,419.15,900000
0700,HK,2025-04-04,418.14,421.42,415.63,418.91,924000
0700,HK,2025-04-07,417.66,420.89,415.15,418.38,948000
0700,HK,2025-04-08,416.91,420.1,414.41,417.59,972000
0700,HK,2025-04-09,415.91,419.06,413.41,416.56,996000
0700,HK,2025-04-10,414.72,417.84,412.23,415.35,1020000
0700,HK,2025-04-11,413.41,416.51,410.93,414.03,1044000
0700,HK,2025-04-14,412.03,415.14,409.56,412.66,1068000
0700,HK,2025-04-15,410.66,413.77,408.2,411.3,1092000
0700,HK,2025-04-16,409.35,412.48,406.89,410.02,1116000
0700,HK,2025-04-17,408.17,411.33,405.72,408.88,1140000
0700,HK,2025-04-18,407.18,410.38,404.74,407.93,1164000
0700,HK,2025-04-21,406.43,409.68,403.99,407.24,1188000
0700,HK,2025-04-22,405.95,409.26,403.51,406.82,1212000
0700,HK,2025-04-23,405.78,409.16,403.35,406.72,1236000
0700,HK,2025-04-24,405.92,409.37,403.48,406.93,1260000
0700,HK,2025-04-25,406.37,409.89,403.93,407.45,1284000
0700,HK,2025-04-28,407.13,410.73,404.69,408.28,900000
0700,HK,2025-04-29,408.16,411.83,405.71,409.37,924000
0700,HK,2025-04-30,409.41,413.15,406.95,410.69,948000
0700,HK,2025-05-01,410.85,414.65,408.38,412.18,972000
0700,HK,2025-05-02,412.4,416.26,409.93,413.78,996000
0700,HK,2025-05-05,414.02,417.93,411.54,415.44,1020000
0700,HK,2025-05-06,415.63,419.58,413.14,417.08,1044000
0700,HK,2025-05-07,417.18,421.15,414.68,418.64,1068000
0700,HK,2025-05-08,418.59,422.58,416.08,420.06,1092000
0700,HK,2025-05-09,419.81,423.8,417.29,421.27,1116000
0700,HK,2025-05-12,420.8,424.77,418.28,422.24,1140000
0700,HK,2025-05-13,421.52,425.46,418.99,422.92,1164000
0700,HK,2025-05-14,421.94,425.84,419.41,423.3,1188000
0700,HK,2025-05-15,422.05,425.89,419.52,423.35,1212000
0700,HK,2025-05-16,421.86,425.64,419.33,423.1,1236000
0700,HK,2025-05-19,421.37,425.08,418.84,422.54,1260000
0700,HK,2025-05-20,420.62,424.25,418.1,421.72,1284000
0700,HK,2025-05-21,419.65,423.2,417.13,420.68,900000
0700,HK,2025-05-22,418.52,421.99,416.01,419.47,924000
0700,HK,2025-05-23,417.26,420.65,414.76,418.14,948000
0700,HK,2025-05-26,415.94,419.26,413.44,416.76,972000
0700,HK,2025-05-27,414.65,417.9,412.16,415.41,996000
0700,HK,2025-05-28,413.42,416.61,410.94,414.13,1020000
0700,HK,2025-05-29,412.34,415.49,409.87,413.01,1044000
0700,HK,2025-05-30,411.44,414.55,408.97,412.08,1068000
0700,HK,2025-06-02,410.79,413.88,408.33,411.41,1092000
0700,HK,2025-06-03,410.4,413.49,407.94,411.02,1116000
0700,HK,2025-06-04,410.32,413.41,407.86,410.94,1140000
0700,HK,2025-06-05,410.53,413.64,408.07,411.17,1164000
0700,HK,2025-06-06,411.05,414.19,408.58,411.72,1188000
0700,HK,2025-06-09,411.85,415.05,409.38,412.57,1212000
0700,HK,2025-06-10,412.91,416.16,410.43,413.68,1236000
0700,HK,2025-06-11,414.18,417.5,411.69,415.01,1260000
0700,HK,2025-06-12,415.63,419.02,413.14,416.52,1284000
0700,HK,2025-06-13,417.16,420.64,414.66,418.13,900000
0700,HK,2025-06-16,418.75,422.31,416.24,419.79,924000
0700,HK,2025-06-17,420.3,423.95,417.78,421.42,948000
0700,HK,2025-06-18,421.78,425.51,419.25,422.97,972000
0700,HK,2025-06-19,423.11,426.92,420.57,424.37,996000
0700,HK,2025-06-20,424.25,428.12,421.7,425.57,1020000
0700,HK,2025-06-23,425.14,429.08,422.59,426.52,1044000
0700,HK,2025-06-24,425.75,429.74,423.2,427.18,1068000
0700,HK,2025-06-25,426.07,430.1,423.51,427.53,1092000
0700,HK,2025-06-26,426.07,430.13,423.51,427.56,1116000
0700,HK,2025-06-27,425.79,429.84,423.24,427.28,1140000
0700,HK,2025-06-30,425.21,429.26,422.66,426.7,1164000
0700,HK,2025-07-01,424.39,428.42,421.84,425.86,1188000
0700,HK,2025-07-02,423.36,427.35,420.82,424.8,1212000
0700,HK,2025-07-03,422.18,426.12,419.65,423.58,1236000
0700,HK,2025-07-04,420.89,424.77,418.36,422.24,1260000
0700,HK,2025-07-07,419.58,423.4,417.06,420.87,1284000
0700,HK,2025-07-08,418.28,422.03,415.77,419.51,900000
0700,HK,2025-07-09,417.09,420.76,414.59,418.25,924000
0700,HK,2025-07-10,416.05,419.64,413.55,417.14,948000
0700,HK,2025-07-11,415.22,418.73,412.73,416.23,972000
0700,HK,2025-07-14,414.64,418.07,412.15,415.58,996000
0700,HK,2025-07-15,414.34,417.7,411.85,415.21,1020000
0700,HK,2025-07-16,414.35,417.65,411.86,415.16,1044000
0700,HK,2025-07-17,414.66,417.91,412.17,415.42,1068000
0700,HK,2025-07-18,415.29,418.5,412.8,416,1092000
0700,HK,2025-07-21,416.19,419.36,413.69,416.86,1116000
0700,HK,2025-07-22,417.34,420.5,414.84,417.99,1140000
0700,HK,2025-07-23,418.71,421.86,416.2,419.34,1164000
0700,HK,2025-07-24,420.23,423.39,417.71,420.86,1188000
0700,HK,2025-07-25,421.84,425.01,419.31,422.48,1212000
0700,HK,2025-07-28,423.47,426.67,420.93,424.13,1236000
0700,HK,2025-07-29,425.07,428.32,422.52,425.77,1260000
0700,HK,2025-07-30,426.57,429.87,424.01,427.31,1284000
0700,HK,2025-07-31,427.89,431.26,425.32,428.69,900000
0700,HK,2025-08-01,429.01,432.45,426.44,429.87,924000
0700,HK,2025-08-04,429.86,433.37,427.28,430.79,948000
0700,HK,2025-08-05,430.43,434.02,427.85,431.43,972000
0700,HK,2025-08-06,430.68,434.34,428.1,431.75,996000
0700,HK,2025-08-07,430.61,434.35,428.03,431.76,1020000
0700,HK,2025-08-08,430.24,434.05,427.66,431.46,1044000
0700,HK,2025-08-11,429.58,433.45,427,430.86,1068000
0700,HK,2025-08-12,428.66,432.58,426.09,430,1092000
0700,HK,2025-08-13,427.53,431.49,424.96,428.92,1116000
0700,HK,2025-08-14,426.26,430.26,423.7,427.69,1140000
0700,HK,2025-08-15,424.89,428.91,422.34,426.35,1164000
0700,HK,2025-08-18,423.49,427.52,420.95,424.97,1188000
0700,HK,2025-08-19,422.14,426.16,419.61,423.62,1212000
0700,HK,2025-08-20,420.89,424.9,418.36,422.37,1236000
0700,HK,2025-08-21,419.81,423.8,417.29,421.27,1260000
0700,HK,2025-08-22,418.95,422.9,416.44,420.38,1284000
0700,HK,2025-08-25,418.36,422.27,415.85,419.75,900000
0700,HK,2025-08-26,418.07,421.93,415.56,419.41,924000
0700,HK,2025-08-27,418.09,421.9,415.58,419.38,948000
0700,HK,2025-08-28,418.44,422.19,415.93,419.67,972000
0700,HK,2025-08-29,419.11,422.79,416.6,420.27,996000
0700,HK,2025-09-01,420.07,423.69,417.55,421.16,1020000
0700,HK,2025-09-02,421.29,424.84,418.76,422.31,1044000
0700,HK,2025-09-03,422.71,426.21,420.17,423.67,1068000
0700,HK,2025-09-04,424.31,427.75,421.76,425.2,1092000
0700,HK,2025-09-05,425.99,429.38,423.43,426.82,1116000
0700,HK,2025-09-08,427.7,431.05,425.13,428.48,1140000
0700,HK,2025-09-09,429.38,432.69,426.8,430.11,1164000
0700,HK,2025-09-10,430.94,434.23,428.35,431.64,1188000
0700,HK,2025-09-11,432.34,435.61,429.75,433.01,1212000
0700,HK,2025-09-12,433.51,436.78,430.91,434.17,1236000
0700,HK,2025-09-15,434.42,437.68,431.81,435.07,1260000
0700,HK,2025-09-16,435.02,438.29,432.41,435.68,1284000
0700,HK,2025-09-17,435.3,438.6,432.69,435.98,900000
0700,HK,2025-09-18,435.24,438.58,432.63,435.96,924000
0700,HK,2025-09-19,434.87,438.24,432.26,435.63,948000
0700,HK,2025-09-22,434.2,437.62,431.59,435.01,972000
0700,HK,2025-09-23,433.26,436.73,430.66,434.13,996000
0700,HK,2025-09-24,432.1,435.64,429.51,433.04,1020000
0700,HK,2025-09-25,430.8,434.39,428.22,431.8,1044000
0700,HK,2025-09-26,429.38,433.03,426.8,430.45,1068000
0700,HK,2025-09-29,427.93,431.64,425.36,429.07,1092000
0700,HK,2025-09-30,426.52,430.3,423.96,427.73,1116000
0700,HK,2025-10-01,425.22,429.05,422.67,426.49,1140000
0700,HK,2025-10-02,424.08,427.96,421.54,425.41,1164000
0700,HK,2025-10-03,423.16,427.09,420.62,424.54,1188000
0700,HK,2025-10-06,422.51,426.47,419.97,423.93,1212000
0700,HK,2025-10-07,422.16,426.15,419.63,423.61,1236000
0700,HK,2025-10-08,422.14,426.15,419.61,423.61,1260000
0700,HK,2025-10-09,422.44,426.46,419.91,423.92,1284000
0700,HK,2025-10-10,423.06,427.09,420.52,424.54,900000
0700,HK,2025-10-13,423.99,428.01,421.45,425.46,924000
0700,HK,2025-10-14,425.17,429.18,422.62,426.62,948000
0700,HK,2025-10-15,426.58,430.57,424.02,428,972000
0700,HK,2025-10-16,428.17,432.12,425.6,429.54,996000
0700,HK,2025-10-17,429.85,433.76,427.27,431.17,1020000
0700,HK,2025-10-20,431.57,435.43,428.98,432.83,1044000
0700,HK,2025-10-21,433.25,437.06,430.65,434.45,1068000
0700,HK,2025-10-22,434.84,438.59,432.23,435.97,1092000
0700,HK,2025-10-23,436.26,439.94,433.64,437.32,1116000
0700,HK,2025-10-24,437.47,441.09,434.85,438.46,1140000
0700,HK,2025-10-27,438.42,441.98,435.79,439.34,1164000
0700,HK,2025-10-28,439.08,442.57,436.45,439.93,1188000
0700,HK,2025-10-29,439.4,442.84,436.76,440.2,1212000
0700,HK,2025-10-30,439.41,442.8,436.77,440.16,1236000
0700,HK,2025-10-31,439.1,442.45,436.47,439.81,1260000
0700,HK,2025-11-03,438.48,441.79,435.85,439.16,1284000
0700,HK,2025-11-04,437.61,440.9,434.98,438.27,900000
0700,HK,2025-11-05,436.5,439.78,433.88,437.16,924000
0700,HK,2025-11-06,435.25,438.53,432.64,435.91,948000
0700,HK,2025-11-07,433.88,437.17,431.28,434.56,972000
0700,HK,2025-11-10,432.47,435.78,429.88,433.18,996000
0700,HK,2025-11-11,431.08,434.43,428.49,431.84,1020000
0700,HK,2025-11-12,429.8,433.19,427.22,430.61,1044000
0700,HK,2025-11-13,428.68,432.12,426.11,429.54,1068000
0700,HK,2025-11-14,427.76,431.26,425.19,428.69,1092000
0700,HK,2025-11-17,427.11,430.68,424.55,428.11,1116000
0700,HK,2025-11-18,426.74,430.38,424.18,427.81,1140000
0700,HK,2025-11-19,426.69,430.4,424.13,427.83,1164000
0700,HK,2025-11-20,426.96,430.74,424.4,428.17,1188000
0700,HK,2025-11-21,427.54,431.39,424.97,428.82,1212000
0700,HK,2025-11-24,428.41,432.33,425.84,429.75,1236000
0700,HK,2025-11-25,429.54,433.53,426.96,430.94,1260000
0700,HK,2025-11-26,430.89,434.93,428.3,432.34,1284000
0700,HK,2025-11-27,432.39,436.48,429.8,433.88,900000
0700,HK,2025-11-28,434,438.12,431.4,435.51,924000
0700,HK,2025-12-01,435.64,439.79,433.03,437.17,948000
0700,HK,2025-12-02,437.26,441.42,434.64,438.79,972000
0700,HK,2025-12-03,438.78,442.94,436.15,440.3,996000
0700,HK,2025-12-04,440.14,444.29,437.5,441.64,1020000
0700,HK,2025-12-05,441.3,445.42,438.65,442.76,1044000
0700,HK,2025-12-08,442.2,446.28,439.55,443.62,1068000
0700,HK,2025-12-09,442.82,446.85,440.16,444.18,1092000
0700,HK,2025-12-10,443.14,447.1,440.48,444.43,1116000
0700,HK,2025-12-11,443.14,447.03,440.48,444.36,1140000
0700,HK,2025-12-12,442.83,446.64,440.17,443.98,1164000
0700,HK,2025-12-15,442.25,445.98,439.6,443.32,1188000
0700,HK,2025-12-16,441.41,445.05,438.76,442.4,1212000
0700,HK,2025-12-17,440.36,443.93,437.72,441.28,1236000
0700,HK,2025-12-18,439.16,442.65,436.53,440.01,1260000
0700,HK,2025-12-19,437.87,441.29,435.24,438.66,1284000
0700,HK,2025-12-22,436.54,439.9,433.92,437.28,900000
0700,HK,2025-12-23,435.25,438.57,432.64,435.95,924000
0700,HK,2025-12-24,434.06,437.34,431.46,434.73,948000
0700,HK,2025-12-25,433.03,436.28,430.43,433.68,972000
0700,HK,2025-12-26,432.2,435.45,429.61,432.85,996000
600519,CN,2024-12-30,1535.69,1547.23,1526.48,1538,900000
600519,CN,2024-12-31,1541.97,1553.58,1532.72,1544.31,924000
600519,CN,2025-01-01,1547.96,1559.67,1538.67,1550.37,948000
600519,CN,2025-01-02,1553.39,1565.26,1544.07,1555.92,972000
600519,CN,2025-01-03,1558.08,1570.13,1548.73,1560.77,996000
600519,CN,2025-01-06,1561.83,1574.1,1552.46,1564.71,1020000
600519,CN,2025-01-07,1564.49,1577,1555.1,1567.59,1044000
600519,CN,2025-01-08,1565.97,1578.73,1556.57,1569.31,1068000
600519,CN,2025-01-09,1566.23,1579.25,1556.83,1569.83,1092000
600519,CN,2025-01-10,1565.27,1578.54,1555.88,1569.13,1116000
600519,CN,2025-01-13,1563.16,1576.68,1553.78,1567.28,1140000
600519,CN,2025-01-14,1560.01,1573.77,1550.65,1564.38,1164000
600519,CN,2025-01-15,1555.97,1569.94,1546.63,1560.58,1188000
600519,CN,2025-01-16,1551.25,1565.41,1541.94,1556.07,1212000
600519,CN,2025-01-17,1546.08,1560.39,1536.8,1551.08,1236000
600519,CN,2025-01-20,1540.69,1555.12,1531.45,1545.84,1260000
600519,CN,2025-01-21,1535.35,1549.85,1526.14,1540.61,1284000
600519,CN,2025-01-22,1530.32,1544.86,1521.14,1535.65,900000
600519,CN,2025-01-23,1525.84,1540.38,1516.68,1531.19,924000
600519,CN,2025-01-24,1522.12,1536.62,1512.99,1527.46,948000
600519,CN,2025-01-27,1519.35,1533.79,1510.23,1524.64,972000
600519,CN,2025-01-28,1517.69,1532.02,1508.58,1522.88,996000
600519,CN,2025-01-29,1517.22,1531.41,1508.12,1522.28,1020000
600519,CN,2025-01-30,1517.99,1532.03,1508.88,1522.89,1044000
600519,CN,2025-01-31,1520,1533.86,1510.88,1524.71,1068000
600519,CN,2025-02-03,1523.18,1536.85,1514.04,1527.68,1092000
600519,CN,2025-02-04,1527.42,1540.88,1518.26,1531.69,1116000
600519,CN,2025-02-05,1532.57,1545.82,1523.37,1536.6,1140000
600519,CN,2025-02-06,1538.43,1551.46,1529.2,1542.21,1164000
600519,CN,2025-02-07,1544.76,1557.59,1535.49,1548.3,1188000
600519,CN,2025-02-10,1551.31,1563.94,1542,1554.61,1212000
600519,CN,2025-02-11,1557.83,1570.28,1548.48,1560.91,1236000
600519,CN,2025-02-12,1564.06,1576.34,1554.68,1566.94,1260000
600519,CN,2025-02-13,1569.75,1581.88,1560.33,1572.45,1284000
600519,CN,2025-02-14,1574.66,1586.68,1565.21,1577.22,900000
600519,CN,2025-02-17,1578.62,1590.57,1569.15,1581.08,924000
600519,CN,2025-02-18,1581.48,1593.38,1571.99,1583.88,948000
600519,CN,2025-02-19,1583.12,1595.01,1573.62,1585.5,972000
600519,CN,2025-02-20,1583.52,1595.44,1574.02,1585.92,996000
600519,CN,2025-02-21,1582.66,1594.64,1573.16,1585.13,1020000
600519,CN,2025-02-24,1580.61,1592.69,1571.13,1583.19,1044000
600519,CN,2025-02-25,1577.48,1589.69,1568.02,1580.21,1068000
600519,CN,2025-02-26,1573.44,1585.81,1564,1576.35,1092000
600519,CN,2025-02-27,1568.67,1581.22,1559.26,1571.79,1116000
600519,CN,2025-02-28,1563.43,1576.17,1554.05,1566.77,1140000
600519,CN,2025-03-03,1557.94,1570.9,1548.59,1561.53,1164000
600519,CN,2025-03-04,1552.47,1565.65,1543.16,1556.31,1188000
600519,CN,2025-03-05,1547.29,1560.69,1538.01,1551.38,1212000
600519,CN,2025-03-06,1542.64,1556.25,1533.38,1546.97,1236000
600519,CN,2025-03-07,1538.73,1552.56,1529.5,1543.3,1260000
600519,CN,2025-03-10,1535.78,1549.8,1526.57,1540.56,1284000
600519,CN,2025-03-11,1533.92,1548.12,1524.72,1538.89,900000
600519,CN,2025-03-12,1533.26,1547.62,1524.06,1538.39,924000
600519,CN,2025-03-13,1533.84,1548.33,1524.64,1539.1,948000
600519,CN,2025-03-14,1535.66,1550.26,1526.45,1541.01,972000
600519,CN,2025-03-17,1538.67,1553.33,1529.44,1544.07,996000
600519,CN,2025-03-18,1542.75,1557.45,1533.49,1548.16,1020000
600519,CN,2025-03-19,1547.75,1562.45,1538.46,1553.13,1044000
600519,CN,2025-03-20,1553.48,1568.14,1544.16,1558.79,1068000
600519,CN,2025-03-21,1559.7,1574.29,1550.34,1564.9,1092000
600519,CN,2025-03-24,1566.18,1580.66,1556.78,1571.23,1116000
600519,CN,2025-03-25,1572.64,1586.98,1563.2,1577.51,1140000
600519,CN,2025-03-26,1578.85,1593.01,1569.38,1583.51,1164000
600519,CN,2025-03-27,1584.55,1598.5,1575.04,1588.97,1188000
600519,CN,2025-03-28,1589.51,1603.24,1579.97,1593.68,1212000
600519,CN,2025-03-31,1593.54,1607.03,1583.98,1597.45,1236000
600519,CN,2025-04-01,1596.52,1609.76,1586.94,1600.16,1260000
600519,CN,2025-04-02,1598.3,1611.3,1588.71,1601.69,1284000
600519,CN,2025-04-03,1598.86,1611.62,1589.27,1602.01,900000
600519,CN,2025-04-04,1598.19,1610.73,1588.6,1601.12,924000
600519,CN,2025-04-07,1596.35,1608.68,1586.77,1599.09,948000
600519,CN,2025-04-08,1593.45,1605.62,1583.89,1596.04,972000
600519,CN,2025-04-09,1589.64,1601.66,1580.1,1592.11,996000
600519,CN,2025-04-10,1585.11,1597.04,1575.6,1587.51,1020000
600519,CN,2025-04-11,1580.09,1591.95,1570.61,1582.46,1044000
600519,CN,2025-04-14,1574.82,1586.67,1565.37,1577.21,1068000
600519,CN,2025-04-15,1569.55,1581.44,1560.13,1572.01,1092000
600519,CN,2025-04-16,1564.55,1576.51,1555.16,1567.11,1116000
600519,CN,2025-04-17,1560.04,1572.13,1550.68,1562.75,1140000
600519,CN,2025-04-18,1556.27,1568.5,1546.93,1559.15,1164000
600519,CN,2025-04-21,1553.4,1565.83,1544.08,1556.49,1188000
600519,CN,2025-04-22,1551.58,1564.24,1542.27,1554.91,1212000
600519,CN,2025-04-23,1550.92,1563.83,1541.61,1554.5,1236000
600519,CN,2025-04-24,1551.46,1564.64,1542.15,1555.31,1260000
600519,CN,2025-04-25,1553.21,1566.66,1543.89,1557.32,1284000
600519,CN,2025-04-28,1556.09,1569.83,1546.75,1560.47,900000
600519,CN,2025-04-29,1560,1574.03,1550.64,1564.64,924000
600519,CN,2025-04-30,1564.79,1579.09,1555.4,1569.67,948000
600519,CN,2025-05-01,1570.28,1584.82,1560.86,1575.37,972000
600519,CN,2025-05-02,1576.23,1591,1566.77,1581.51,996000
600519,CN,2025-05-05,1582.41,1597.37,1572.92,1587.84,1020000
600519,CN,2025-05-06,1588.58,1603.67,1579.05,1594.11,1044000
600519,CN,2025-05-07,1594.47,1609.67,1584.9,1600.07,1068000
600519,CN,2025-05-08,1599.87,1615.11,1590.27,1605.48,1092000
600519,CN,2025-05-09,1604.54,1619.78,1594.91,1610.12,1116000
600519,CN,2025-05-12,1608.33,1623.5,1598.68,1613.82,1140000
600519,CN,2025-05-13,1611.07,1626.13,1601.4,1616.43,1164000
600519,CN,2025-05-14,1612.67,1627.57,1602.99,1617.86,1188000
600519,CN,2025-05-15,1613.11,1627.8,1603.43,1618.09,1212000
600519,CN,2025-05-16,1612.37,1626.81,1602.7,1617.11,1236000
600519,CN,2025-05-19,1610.51,1624.68,1600.85,1614.99,1260000
600519,CN,2025-05-20,1607.66,1621.53,1598.01,1611.86,1284000
600519,CN,2025-05-21,1603.95,1617.52,1594.33,1607.87,900000
600519,CN,2025-05-22,1599.59,1612.85,1589.99,1603.23,924000
600519,CN,2025-05-23,1594.78,1607.74,1585.21,1598.15,948000
600519,CN,2025-05-26,1589.77,1602.45,1580.23,1592.89,972000
600519,CN,2025-05-27,1584.81,1597.24,1575.3,1587.71,996000
600519,CN,2025-05-28,1580.13,1592.34,1570.65,1582.84,1020000
600519,CN,2025-05-29,1575.99,1588.01,1566.53,1578.54,1044000
600519,CN,2025-05-30,1572.57,1584.46,1563.13,1575.01,1068000
600519,CN,2025-06-02,1570.05,1581.86,1560.63,1572.43,1092000
600519,CN,2025-06-03,1568.58,1580.37,1559.17,1570.94,1116000
600519,CN,2025-06-04,1568.25,1580.05,1558.84,1570.63,1140000
600519,CN,2025-06-05,1569.07,1580.96,1559.66,1571.53,1164000
600519,CN,2025-06-06,1571.06,1583.08,1561.63,1573.64,1188000
600519,CN,2025-06-09,1574.13,1586.33,1564.69,1576.87,1212000
600519,CN,2025-06-10,1578.19,1590.61,1568.72,1581.12,1236000
600519,CN,2025-06-11,1583.05,1595.73,1573.55,1586.21,1260000
600519,CN,2025-06-12,1588.54,1601.51,1579.01,1591.96,1284000
600519,CN,2025-06-13,1594.43,1607.71,1584.86,1598.12,900000
600519,CN,2025-06-16,1600.48,1614.09,1590.88,1604.46,924000
600519,CN,2025-06-17,1606.44,1620.37,1596.8,1610.71,948000
600519,CN,2025-06-18,1612.08,1626.33,1602.41,1616.63,972000
600519,CN,2025-06-19,1617.17,1631.72,1607.47,1621.99,996000
600519,CN,2025-06-20,1621.5,1636.32,1611.77,1626.56,1020000
600519,CN,2025-06-23,1624.89,1639.95,1615.14,1630.17,1044000
600519,CN,2025-06-24,1627.23,1642.49,1617.47,1632.69,1068000
600519,CN,2025-06-25,1628.44,1643.83,1618.67,1634.03,1092000
600519,CN,2025-06-26,1628.48,1643.96,1618.71,1634.16,1116000
600519,CN,2025-06-27,1627.37,1642.88,1617.61,1633.08,1140000
600519,CN,2025-06-30,1625.18,1640.67,1615.43,1630.88,1164000
600519,CN,2025-07-01,1622.05,1637.45,1612.32,1627.68,1188000
600519,CN,2025-07-02,1618.11,1633.37,1608.4,1623.63,1212000
600519,CN,2025-07-03,1613.57,1628.65,1603.89,1618.94,1236000
600519,CN,2025-07-04,1608.67,1623.52,1599.02,1613.84,1260000
600519,CN,2025-07-07,1603.63,1618.23,1594.01,1608.58,1284000
600519,CN,2025-07-08,1598.72,1613.03,1589.13,1603.41,900000
600519,CN,2025-07-09,1594.15,1608.17,1584.59,1598.58,924000
600519,CN,2025-07-10,1590.18,1603.9,1580.64,1594.33,948000
600519,CN,2025-07-11,1587,1600.42,1577.48,1590.87,972000
600519,CN,2025-07-14,1584.78,1597.91,1575.27,1588.38,996000
600519,CN,2025-07-15,1583.64,1596.5,1574.14,1586.98,1020000
600519,CN,2025-07-16,1583.66,1596.28,1574.16,1586.76,1044000
600519,CN,2025-07-17,1584.87,1597.29,1575.36,1587.76,1068000
600519,CN,2025-07-18,1587.25,1599.5,1577.73,1589.96,1092000
600519,CN,2025-07-21,1590.71,1602.84,1581.17,1593.28,1116000
600519,CN,2025-07-22,1595.13,1607.19,1585.56,1597.6,1140000
600519,CN,2025-07-23,1600.34,1612.38,1590.74,1602.76,1164000
600519,CN,2025-07-24,1606.13,1618.19,1596.49,1608.54,1188000
600519,CN,2025-07-25,1612.28,1624.42,1602.61,1614.73,1212000
600519,CN,2025-07-28,1618.53,1630.8,1608.82,1621.07,1236000
600519,CN,2025-07-29,1624.64,1637.07,1614.89,1627.31,1260000
600519,CN,2025-07-30,1630.35,1642.99,1620.57,1633.19,1284000
600519,CN,2025-07-31,1635.44,1648.32,1625.63,1638.49,900000
600519,CN,2025-08-01,1639.7,1652.85,1629.86,1642.99,924000
600519,CN,2025-08-04,1642.97,1656.4,1633.11,1646.52,948000
600519,CN,2025-08-05,1645.13,1658.84,1635.26,1648.95,972000
600519,CN,2025-08-06,1646.09,1660.09,1636.21,1650.19,996000
600519,CN,2025-08-07,1645.84,1660.12,1635.96,1650.22,1020000
600519,CN,2025-08-08,1644.4,1658.94,1634.53,1649.05,1044000
600519,CN,2025-08-11,1641.87,1656.65,1632.02,1646.77,1068000
600519,CN,2025-08-12,1638.37,1653.35,1628.54,1643.49,1092000
600519,CN,2025-08-13,1634.06,1649.22,1624.26,1639.38,1116000
600519,CN,2025-08-14,1629.18,1644.46,1619.4,1634.65,1140000
600519,CN,2025-08-15,1623.95,1639.31,1614.21,1629.53,1164000
600519,CN,2025-08-18,1618.62,1634.01,1608.91,1624.26,1188000
600519,CN,2025-08-19,1613.45,1628.82,1603.77,1619.11,1212000
600519,CN,2025-08-20,1608.68,1624.01,1599.03,1614.32,1236000
600519,CN,2025-08-21,1604.56,1619.79,1594.93,1610.13,1260000
600519,CN,2025-08-22,1601.28,1616.38,1591.67,1606.74,1284000
600519,CN,2025-08-25,1599.02,1613.96,1589.43,1604.33,900000
600519,CN,2025-08-26,1597.89,1612.64,1588.3,1603.02,924000
600519,CN,2025-08-27,1597.98,1612.52,1588.39,1602.9,948000
600519,CN,2025-08-28,1599.31,1613.62,1589.71,1604,972000
600519,CN,2025-08-29,1601.85,1615.93,1592.24,1606.29,996000
600519,CN,2025-09-01,1605.52,1619.36,1595.89,1609.7,1020000
600519,CN,2025-09-02,1610.18,1623.77,1600.52,1614.09,1044000
600519,CN,2025-09-03,1615.65,1629.03,1605.96,1619.31,1068000
600519,CN,2025-09-04,1621.72,1634.88,1611.99,1625.13,1092000
600519,CN,2025-09-05,1628.16,1641.13,1618.39,1631.34,1116000
600519,CN,2025-09-08,1634.71,1647.51,1624.9,1637.68,1140000
600519,CN,2025-09-09,1641.1,1653.76,1631.25,1643.9,1164000
600519,CN,2025-09-10,1647.09,1659.65,1637.21,1649.75,1188000
600519,CN,2025-09-11,1652.43,1664.92,1642.52,1654.99,1212000
600519,CN,2025-09-12,1656.92,1669.38,1646.98,1659.42,1236000
600519,CN,2025-09-15,1660.36,1672.84,1650.4,1662.86,1260000
600519,CN,2025-09-16,1662.67,1675.19,1652.69,1665.2,1284000
600519,CN,2025-09-17,1663.74,1676.35,1653.76,1666.35,900000
600519,CN,2025-09-18,1663.54,1676.28,1653.56,1666.28,924000
600519,CN,2025-09-19,1662.12,1675.01,1652.15,1665.02,948000
600519,CN,2025-09-22,1659.54,1672.62,1649.58,1662.64,972000
600519,CN,2025-09-23,1655.96,1669.25,1646.02,1659.29,996000
600519,CN,2025-09-24,1651.55,1665.06,1641.64,1655.13,1020000
600519,CN,2025-09-25,1646.52,1660.26,1636.64,1650.36,1044000
600519,CN,2025-09-26,1641.11,1655.08,1631.26,1645.21,1068000
600519,CN,2025-09-29,1635.58,1649.79,1625.77,1639.95,1092000
600519,CN,2025-09-30,1630.2,1644.63,1620.42,1634.82,1116000
600519,CN,2025-10-01,1625.21,1639.85,1615.46,1630.07,1140000
600519,CN,2025-10-02,1620.85,1635.69,1611.12,1625.93,1164000
600519,CN,2025-10-03,1617.34,1632.35,1607.64,1622.61,1188000
600519,CN,2025-10-06,1614.86,1630.01,1605.17,1620.29,1212000
600519,CN,2025-10-07,1613.52,1628.78,1603.84,1619.07,1236000
600519,CN,2025-10-08,1613.42,1628.76,1603.74,1619.05,1260000
600519,CN,2025-10-09,1614.58,1629.97,1604.89,1620.25,1284000
600519,CN,2025-10-10,1616.96,1632.37,1607.26,1622.63,900000
600519,CN,2025-10-13,1620.5,1635.88,1610.78,1626.12,924000
600519,CN,2025-10-14,1625.05,1640.37,1615.3,1630.59,948000
600519,CN,2025-10-15,1630.45,1645.68,1620.67,1635.86,972000
600519,CN,2025-10-16,1636.47,1651.57,1626.65,1641.72,996000
600519,CN,2025-10-17,1642.9,1657.84,1633.04,1647.95,1020000
600519,CN,2025-10-20,1649.47,1664.22,1639.57,1654.29,1044000
600519,CN,2025-10-21,1655.91,1670.45,1645.97,1660.49,1068000
600519,CN,2025-10-22,1661.99,1676.3,1652.02,1666.3,1092000
600519,CN,2025-10-23,1667.44,1681.51,1657.44,1671.48,1116000
600519,CN,2025-10-24,1672.07,1685.9,1662.04,1675.84,1140000
600519,CN,2025-10-27,1675.69,1689.28,1665.64,1679.2,1164000
600519,CN,2025-10-28,1678.17,1691.53,1668.1,1681.44,1188000
600519,CN,2025-10-29,1679.44,1692.58,1669.36,1682.49,1212000
600519,CN,2025-10-30,1679.46,1692.41,1669.38,1682.32,1236000
600519,CN,2025-10-31,1678.27,1691.06,1668.2,1680.97,1260000
600519,CN,2025-11-03,1675.93,1688.59,1665.87,1678.52,1284000
600519,CN,2025-11-04,1672.56,1685.14,1662.52,1675.09,900000
600519,CN,2025-11-05,1668.36,1680.9,1658.35,1670.87,924000
600519,CN,2025-11-06,1663.52,1676.06,1653.54,1666.06,948000
600519,CN,2025-11-07,1658.29,1670.87,1648.34,1660.9,972000
600519,CN,2025-11-10,1652.91,1665.57,1642.99,1655.64,996000
600519,CN,2025-11-11,1647.64,1660.43,1637.75,1650.53,1020000
600519,CN,2025-11-12,1642.74,1655.69,1632.88,1645.82,1044000
600519,CN,2025-11-13,1638.44,1651.59,1628.61,1641.74,1068000
600519,CN,2025-11-14,1634.95,1648.33,1625.14,1638.5,1092000
600519,CN,2025-11-17,1632.44,1646.07,1622.65,1636.25,1116000
600519,CN,2025-11-18,1631.04,1644.94,1621.25,1635.13,1140000
600519,CN,2025-11-19,1630.85,1645.02,1621.06,1635.21,1164000
600519,CN,2025-11-20,1631.86,1646.32,1622.07,1636.5,1188000
600519,CN,2025-11-21,1634.08,1648.81,1624.28,1638.98,1212000
600519,CN,2025-11-24,1637.41,1652.41,1627.59,1642.55,1236000
600519,CN,2025-11-25,1641.73,1656.97,1631.88,1647.09,1260000
600519,CN,2025-11-26,1646.87,1662.32,1636.99,1652.41,1284000
600519,CN,2025-11-27,1652.63,1668.27,1642.71,1658.32,900000
600519,CN,2025-11-28,1658.78,1674.56,1648.83,1664.57,924000
600519,CN,2025-12-01,1665.05,1680.93,1655.06,1670.9,948000
600519,CN,2025-12-02,1671.22,1687.14,1661.19,1677.08,972000
600519,CN,2025-12-03,1677.03,1692.95,1666.97,1682.85,996000
600519,CN,2025-12-04,1682.24,1698.1,1672.15,1687.97,1020000
600519,CN,2025-12-05,1686.66,1702.4,1676.54,1692.25,1044000
600519,CN,2025-12-08,1690.12,1705.7,1679.98,1695.53,1068000
600519,CN,2025-12-09,1692.49,1707.87,1682.34,1697.68,1092000
600519,CN,2025-12-10,1693.69,1708.82,1683.53,1698.63,1116000
600519,CN,2025-12-11,1693.69,1708.55,1683.53,1698.36,1140000
600519,CN,2025-12-12,1692.54,1707.1,1682.38,1696.92,1164000
600519,CN,2025-12-15,1690.29,1704.55,1680.15,1694.38,1188000
600519,CN,2025-12-16,1687.1,1701.04,1676.98,1690.89,1212000
600519,CN,2025-12-17,1683.09,1696.73,1672.99,1686.61,1236000
600519,CN,2025-12-18,1678.5,1691.85,1668.43,1681.76,1260000
600519,CN,2025-12-19,1673.55,1686.64,1663.51,1676.58,1284000
600519,CN,2025-12-22,1668.49,1681.35,1658.48,1671.32,900000
600519,CN,2025-12-23,1663.57,1676.24,1653.59,1666.24,924000
600519,CN,2025-12-24,1659.01,1671.54,1649.06,1661.57,948000
600519,CN,2025-12-25,1655.05,1667.5,1645.12,1657.55,972000
600519,CN,2025-12-26,1651.9,1664.31,1641.99,1654.38,996000
